,2015/10/12 00:18:01
pickUpTU
トム, ,
,,
,,
Mu, ,
,,
,,
星, ,
,,
,,
Ra, ,
,,
,,
上位, ,
,,
,,
Diz, ,
,,
,,
ばよ, ,
,,
,,
嵐山, ,
,,
,,
さんらいず, ,
,,
,,
とわいらいと, ,
,,
,,
pickUpRank
ranking
1,1502,Mumin谷??
2,1501,Dizzy?
3,1500,トムソン??
4,1485,☆☆ながれ星彡
5,1405,上位目指す隊?
6,1399,ばよえ?ん。
7,1371,Ra?ffine
8,1330,さんらいず??
9,1299,まるむすてぃ?ん
10,1267,†とわいらいと†
11,1232,嵐山
12,1199,早乙女学園?
13,1199,さんせっと??
14,1182,えすぽらーず
15,1169,カーバンクル
16,1148,★愉快な仲間達☆
17,1148,tipo
18,1148,谷口ぴーまん
19,1134,?いちごぷよ隊?
20,1123,ぴんぽーん
21,1116,たいようのほこら
22,1116,赤い妖精
23,1107,RedbuII?
24,1105,?Ｃlair?
25,1104,かおりワールド
26,1101,淡麗生!!
27,1099,一生を寝てい隊
28,1099,V.I.P.
29,1099,だらゴロ・囚・
30,1099,自由都市ももにち
31,1099,ねこたらんど
32,1093,かもみ〜るかふぇ
33,1089,賢者モード
34,1087,?怪盗スケルトン
35,1072,ももピーチ帝国
36,1068,にゃ?んだふる♪
37,1066,ねこずき
38,1058,ぷよクエ楽しみ隊
39,1058,☆命蓮寺☆
40,1057,いえろ〜こんび♪
41,1057,無課金こそ愉悦!
42,1051,かわいいはせいぎ
43,1049,やわらかギルド
44,1049,†魔導学校†
45,1048,ＢＢ団
46,1048,プリンシパル☆彡
47,1047,チームかわいい
48,1046,LovE?
49,1037,Luxillia
50,1036,Antenna
51,1032,★エーミール★
52,1026,ねこぽよ軍??
53,1017,とれっきんぐ
54,1016,陽だまりのねこ?
55,1015,MYM318☆彡
56,1012,ぷよろう会
57,1012,からあげ流星群
58,1011,手製ぷよ
59,1010,にないか
60,1006,同じ穴のぷよら〜
61,1002,パンダ百匹！！
62,1001,ぷよビ〜ッチ☆
63,999,ぼっち同盟
64,995,ちょびぎるど
65,992,Lαvｉn&#039;υ?
66,987,チームかつをぶし
67,983,無KG板ギルド
68,978,ブルーウィング
69,970,お笑い?研究府
70,969,ひろす
71,961,Buzz?
72,959,果物の缶詰
73,959,うさぎの巣?
74,955,ぷよっとパニック
75,951,コンパイルクラブ
76,949,みなみけ
77,944,Ｋ２
78,939,AGILE
79,935,BestLuck
80,935,let&#039;sぷよ！
81,932,みなとみらい
82,930,トウーンタウン
83,928,2chスレギルド
84,928,Blackチョコ
85,927,北の大地☆人情派
86,921,ジュビレーション
87,919,TEREON&#039;s
88,912,Law@
89,911,ミッドガルド?
90,909,ぐみぷよ
91,909,猫好き仙人界
92,908,佐久間上水
93,904,ラフィ亭
94,901,早起は三文のとく
95,900,ギルド一ナツ
96,899,☆ネコカフェ☆
97,897,Gunners!
98,895,SPIRAL★彡
99,895,???☆
100,894,ファンタビーチ
101,891,?アンシェル?
102,891,ぁひるたいちょ組
103,882,遊戯都市第七地区
104,879,六猫?おーき軍
105,873,コスモツリー
106,862,まったり勢。
107,862,ぷよく鉛筆?HB
108,860,パーミテーション
109,859,will
110,853,COLORS＊*
111,847,?水守革命?
112,847,チームやどかり
113,846,あおいの御紋
114,843,Tぷよ軍団
115,842,?月蝕雑技団?
116,841,ウィッチ魔法学院
117,839,KoB.
118,837,みんなでぷよぷよ
119,836,ぷよクエRUSH
120,836,かーくんギルド
121,831,にゃまにゃま
122,828,魔神宮
123,827,シルバーシープ?
124,826,ももぐみ
125,825,CMB
126,825,ぷよよん同盟
127,824,Promis?
128,824,エランド
129,823,じゅげむ♪♪
130,822,ほうきぼし
131,822,サークルフォイ
132,820,ぷにっぷに〜！
133,820,ぷよりすと♪
134,814,でぃあれすと
135,812,Rash☆TM
136,812,ぷよよよよよん?
137,806,LxStella
138,806,おいもいも
139,806,?地獄の3丁目?
140,804,うたうんだ村
141,800,ねこのうにメロン
142,799,?ぷよりんず?
143,797,エリザベート21
144,797,きずな☆タワー
145,797,猫娘。亭
146,795,ぷよります会☆
147,794,ぷにょぷにん?
148,791,あるぱっか牧場
149,786,レベルアーップ！
150,781,掲示板をみてね♪
151,778,Sirius?
152,774,お腹@ばよ?支店
153,774,しーこ
154,772,JanneABC
155,772,がんばりまっくす
156,772,まったりにゃーん
157,772,HOKKAIDO
158,771,セカハナの卵?
159,770,東京特許許可局
160,769,☆ぷよザイル☆
161,766,はーれむ
162,766,L?VE
163,764,☆月のうさぎ☆
164,763,楽しく遊ぶ団
165,761,クンパルシータ
166,757,Clock
167,757,チームさかな
168,756,会話なしギルド
169,755,わふー(＞ω＜)
170,754,らららコッペパン
171,753,脳みそコネコネ
172,752,あわわっ子
173,752,宮崎藩?
174,750,?上弦の月?
175,749,ピーナッツ☆彡
176,749,ピタゴラスイッチ
177,749,＊みるふぃーゆ＊
178,749,KYUSHU沖縄
179,749,鎌倉幕府
180,747,チームハマー
181,746,しろくまっ☆
182,744,マミーポコ
183,744,Lilac?
184,743,ArcadiA
185,741,Liberty☆
186,739,スイ?トヨコヅナ
187,738,小澤興業
188,737,全盾しな…イカ？
189,736,ますさん
190,735,花橘
191,735,輝きみーつぉー
192,734,自由空間五色の館
193,734,?ふぇんりる?
194,734,かーにばる☆彡
195,734,Ψきたから組
196,732,お手紙ちょ〜だぃ
197,732,進撃の無課金兵団
198,731,参加は自由でした
199,731,パーピュア
200,730,joyfull☆
201,729,にくきゅう
202,729,(?ω?)о〇
203,727,ふぁくとり〜♪
204,722,Pu---Yo
205,722,きまぐれいやー
206,719,めちゃんこ戦隊?
207,719,のんびり☆きまま
208,719,黝ぷよ騎士団
209,716,?七色の愛情??
210,716,のんびり仲良く
211,716,オワニモ時空転移
212,714,《無課金戦隊》
213,712,めろんぱんず
214,711,ぷよぷよTime
215,711,goro&#039;s
216,711,ウィッチ様FC
217,710,りらっくすたいむ
218,709,マリンバトル
219,709,チビコロ☆
220,709,すたんどあっぷ
221,708,あまぐり
222,707,ミカン
223,707,おいしいみかん
224,706,風来のぷよ使い
225,706,アクアベール
226,705,毎日猫をもふり隊
227,704,ぷ(♪-∀-)よ
228,702,ぷーぷよギルド
229,701,しろぷよ♪
230,700,モヤ2さまぁ〜ず
231,699,のんびりギル
232,699,?絶頂RUSH?
233,699,たけのこ派！
234,699,アオハライド☆彡
235,699,運命石の扉
236,699,グラン・シャリオ
237,699,コンパイル懐古会
238,696,ナノクローム
239,696,無課金修行部
240,696,既製ぷよ@隠居
241,695,ボギャーン
242,694,ＦＦＦ
243,693,甘いのが好き
244,691,ぷよラテ
245,691,ガンバ?お疲れ様
246,690,Ragnar?k
247,688,比翼の不死鳥
248,687,アウトランナーズ
249,685,毎度おおきに！
250,684,風鈴ちりんΦ彡
251,682,redwing
252,681,ゴゴゴゴゴ
253,679,猫の家?
254,679,むかきんぐだーむ
255,679,寝ながら進む。
256,679,虹-niji-
257,679,隣の芝生
258,679,TUTAYA川越
259,678,おこたでアイス
260,678,のりのりトマト?
261,677,??????
262,677,?のんびり隠居?
263,676,ほげほげの里
264,674,猪突猛進
265,674,†Bible†
266,674,真紅の世界へGO
267,674,☆りぼーん☆
268,673,ぴたごらスイッチ
269,673,けにくら！
270,672,∞ぷるんちょ∞
271,671,ＬＥ?ＣＩＥＬ
272,671,水曜日は野菜の日
273,671,FEVER!
274,670,★リトルスター★
275,669,ニャンコさん
276,669,☆まりもの里☆
277,669,ぷよぷよ通！？
278,668,かみまみた♪
279,668,ウォッカコーヒー
280,667,スーパーモモレオ
281,667,のりのりキノコ?
282,667,働くおじさん
283,664,ブラザーフット
284,664,1日1時間まで
285,664,いちにさん???
286,664,カラマギア
287,664,?ほんわカルミア
288,663,るりあん♪
289,663,Fate#Ω#
290,662,レプレ
291,661,ΑLLFREE
292,661,のびのびふもっふ
293,659,GARO〜♪
294,659,月の光?
295,659,月の雫?.｡?°
296,659,オレオ*
297,659,まろん茶
298,659,新生メタファリカ
299,658,レッツモーフィン
300,657,モノクロドーナツ
301,657,みすてりあす。
302,656,ぼっち魔導師っ！
303,656,こんぱいるクラブ
304,655,ナゾプヨ
305,655,ポレポレ村夢番地
306,654,ペンギン7匹☆彡
307,654,凱歌ノ記憶
308,654,ぴーちゃん隊
309,653,☆きずな☆
310,651,海外在住の日本人
311,649,美味しい紅茶の泉
312,648,（株）ぷよぷよ
313,646,?ISLAND?
314,645,超初心者ポコリン
315,645,☆目指せＳ組☆
316,644,LTE?
317,644,n?a　募集中
318,643,月裏☆祝Sランク
319,643,ゼロ鎮魂歌
320,642,にわかあめ
321,641,劇団ココピーチ☆
322,639,黄色鳥OP大作戦
323,639,真☆青茶
324,635,◆大人ギルド◆
325,634,教授の一番弟子
326,634,アシュブロ☆
327,634,チームお代官様
328,633,ぷよずねっと
329,632,?Nadja?
330,632,スナ
pickUpBU
