雨の日と月曜日は,カーペンターズ,カーペンターズ・ゴールド,カーペンターズ・ゴールド,イエスタディ・ワンス・モア/カーペンターズ・ゼア・グレイテスト・ヒッツ,青春の輝き〜ベスト・オブ・カーペンターズ,カーペンターズ40/40 〜ベスト・セレクション(通常盤),カーペンターズ 〜20/20 ベスト・オブ・ベスト・セレクション,ベスト・プライス〜カーペンターズ・ベスト,イフ・アイ・ワー・ア・カーペンター〜カーペンターズに捧ぐ,スーパー・ベスト,アンソロジー【Disc.1&Disc.2】,青春の輝き 2〜ラヴ・ソングス,バイ・リクエスト,スーパースター,シングルズ 1969-1981,イエスタディ・ワンス・モア,シングルズ 1969-1981,シングルズ 1969-1973,THIS COVER,青春の輝き〜上松美香 PLAYS カーペンターズ(通常盤),イエスタデイ・ワンス・モア〜TRIBUTE TO THE CARPENTERS〜,Sing Once More〜Dear Carpenters〜,新たなる輝き〜イエスタディ・ワンス・モア,A&M グレイテスト・ヒッツ,遙かなる影〜CLOSE TO YOU,ホワット・ア・ワンダフル・ワールド
サタデイ,カーペンターズ
あなたの影になりたい,カーペンターズ,カーペンターズ40/40 〜ベスト・セレクション(通常盤),イフ・アイ・ワー・ア・カーペンター〜カーペンターズに捧ぐ,スーパー・ベスト,バイ・リクエスト,スーパースター,遥かなる影〜カーペンターズ・コネクション,A&M グレイテスト・ヒッツ,オールド・ファッションド・ラヴ・ソング
愛は涙のために,カーペンターズ,スーパースター
ふたりの誓い,カーペンターズ,カーペンターズ・ゴールド,カーペンターズ・ゴールド,カーペンターズ・フォーエバー,イエスタディ・ワンス・モア/カーペンターズ・ゼア・グレイテスト・ヒッツ,青春の輝き〜ベスト・オブ・カーペンターズ,カーペンターズ40/40 〜ベスト・セレクション(通常盤),イエスタデイ・ワンス・モア/カーペンターズ・ゼア・グレイテスト・ヒッツ,カーペンターズ 〜20/20 ベスト・オブ・ベスト・セレクション,ベスト・プライス〜カーペンターズ・ベスト,イフ・アイ・ワー・ア・カーペンター〜カーペンターズに捧ぐ,アンソロジー【Disc.3&Disc.4】,青春の輝き 2〜ラヴ・ソングス,スーパースター,シングルズ 1969-1981,イエスタディ・ワンス・モア,シングルズ 1969-1981,シングルズ 1969-1973,Sing Once More〜Dear Carpenters〜,CARPENTERS〜インストゥルメンタル・コレクション,イエスタデイ ワンス モア,遙かなる影〜CLOSE TO YOU
スーパースター,カーペンターズ,カーペンターズ・ゴールド,カーペンターズ・ゴールド,カーペンターズ・フォーエバー,イエスタディ・ワンス・モア/カーペンターズ・ゼア・グレイテスト・ヒッツ,青春の輝き〜ベスト・オブ・カーペンターズ,カーペンターズ40/40 〜ベスト・セレクション(通常盤),カーペンターズ 〜20/20 ベスト・オブ・ベスト・セレクション,ベスト・プライス〜カーペンターズ・ベスト,イフ・アイ・ワー・ア・カーペンター〜カーペンターズに捧ぐ,スーパー・ベスト,アンソロジー【Disc.1&Disc.2】,青春の輝き 2〜ラヴ・ソングス,バイ・リクエスト,スーパースター,シングルズ 1969-1981,イエスタディ・ワンス・モア,シングルズ 1969-1981,シングルズ 1969-1973,イエスタデイ・ワンス・モア〜TRIBUTE TO THE CARPENTERS〜,Sing Once More〜Dear Carpenters〜,CARPENTERS〜インストゥルメンタル・コレクション,新たなる輝き〜イエスタディ・ワンス・モア,イエスタデイ ワンス モア,遙かなる影〜CLOSE TO YOU
ドリシラ・ペニー,カーペンターズ,スーパースター
ワン・ラヴ,カーペンターズ,スーパー・ベスト,バイ・リクエスト,スーパースター
バカラック・メドレー;去りし時を知って|涙でさようなら|愛の想い出|恋よさようなら|ウォーク・オン・バイ|サン・ホセへの道,カーペンターズ
サムタイムス,カーペンターズ,スーパー・ベスト,アンソロジー【Disc.3&Disc.4】,バイ・リクエスト,スーパースター
トップ・オブ・ザ・ワールド,トップ オブ ザ ワールド〜カーペンターズ,トップ オブ ザ ワールド〜カーペンターズ,カーペンターズ・ゴールド,カーペンターズ・ゴールド,カーペンターズ・フォーエバー,イエスタディ・ワンス・モア/カーペンターズ・ゼア・グレイテスト・ヒッツ,青春の輝き〜ベスト・オブ・カーペンターズ,カーペンターズ40/40 〜ベスト・セレクション(通常盤),カーペンターズ 〜20/20 ベスト・オブ・ベスト・セレクション,ベスト・プライス〜カーペンターズ・ベスト,イフ・アイ・ワー・ア・カーペンター〜カーペンターズに捧ぐ,スーパー・ベスト,トップ・オブ・ザ・ワールド,トップ・オブ・ザ・ワールド,トップ・オブ・ザ・ワールド,アンソロジー【Disc.1&Disc.2】,青春の輝き 2〜ラヴ・ソングス,バイ・リクエスト,ア・ソング・フォー・ユー,シングルズ 1969-1981,イエスタディ・ワンス・モア,シングルズ 1969-1981,イッツ・オール・カヴァー・ナウ、ベイビー・ブルー!,オルゴールRecollectセレクション GREATEST POP HITS,シングルズ 1969-1973,Canary-day trip,青春の輝き〜上松美香 PLAYS カーペンターズ(通常盤),イエスタデイ・ワンス・モア〜TRIBUTE TO THE CARPENTERS〜,Sing Once More〜Dear Carpenters〜,CARPENTERS〜インストゥルメンタル・コレクション,新たなる輝き〜イエスタディ・ワンス・モア,イエスタデイ ワンス モア,遙かなる影〜CLOSE TO YOU,世界名曲劇場〜序曲〜
青春の輝き,トップ オブ ザ ワールド〜カーペンターズ,トップ オブ ザ ワールド〜カーペンターズ,カーペンターズ・ゴールド,カーペンターズ・ゴールド,青春の輝き〜ベスト・オブ・カーペンターズ,カーペンターズ40/40 〜ベスト・セレクション(通常盤),カーペンターズ 〜20/20 ベスト・オブ・ベスト・セレクション,ベスト・プライス〜カーペンターズ・ベスト,スーパー・ベスト,アンソロジー【Disc.3&Disc.4】,青春の輝き 2〜ラヴ・ソングス,バイ・リクエスト,見つめあう恋,シングルズ 1969-1981,イエスタディ・ワンス・モア,シングルズ 1969-1981,ストライク!-ベスト・フォー・40s-,ミルク・ボッサ・プレゼンツ・マルセラ 2,EN L'AIR 1/fのゆらぎ〜洋楽スタンダードヒット作品集,青春の輝き〜上松美香 PLAYS カーペンターズ(通常盤),イエスタデイ・ワンス・モア〜TRIBUTE TO THE CARPENTERS〜,Sing Once More〜Dear Carpenters〜,CARPENTERS〜インストゥルメンタル・コレクション,新たなる輝き〜イエスタディ・ワンス・モア,イエスタデイ ワンス モア,カナリア,A CAPPELLA
イエスタデイ・ワンス・モア,トップ オブ ザ ワールド〜カーペンターズ,トップ オブ ザ ワールド〜カーペンターズ,カーペンターズ・ゴールド,カーペンターズ・ゴールド,カーペンターズ・フォーエバー,イエスタディ・ワンス・モア/カーペンターズ・ゼア・グレイテスト・ヒッツ,青春の輝き〜ベスト・オブ・カーペンターズ,カーペンターズ40/40 〜ベスト・セレクション(通常盤),カーペンターズ 〜20/20 ベスト・オブ・ベスト・セレクション,ベスト・プライス〜カーペンターズ・ベスト,イフ・アイ・ワー・ア・カーペンター〜カーペンターズに捧ぐ,イエスタディ・ワンス・モア,イエスタディ・ワンス・モア,スーパー・ベスト,バイ・リクエスト,ナウ・アンド・ゼン,ナウ・アンド・ゼン,シングルズ 1969-1981,イエスタディ・ワンス・モア,シングルズ 1969-1981,オルゴールRecollectセレクション GREATEST POP HITS,シングルズ 1969-1973,ユア・ソング〜フォーエヴァー,青春の輝き〜上松美香 PLAYS カーペンターズ(通常盤),まどろみたいむ〜手まわしオルゴール〜,イエスタデイ・ワンス・モア〜TRIBUTE TO THE CARPENTERS〜,Sing Once More〜Dear Carpenters〜,1998-2004,CARPENTERS〜インストゥルメンタル・コレクション,新たなる輝き〜イエスタディ・ワンス・モア,イエスタデイ ワンス モア,遙かなる影〜CLOSE TO YOU,yours;Gift,ポピュラー30年史 ユウ・アー・マイ・サンシャインからマイ・ウェイまで
遙かなる影,トップ オブ ザ ワールド〜カーペンターズ,トップ オブ ザ ワールド〜カーペンターズ,カーペンターズ・ゴールド,カーペンターズ・フォーエバー,イエスタディ・ワンス・モア/カーペンターズ・ゼア・グレイテスト・ヒッツ,青春の輝き〜ベスト・オブ・カーペンターズ,カーペンターズ40/40 〜ベスト・セレクション(通常盤),イエスタデイ・ワンス・モア/カーペンターズ・ゼア・グレイテスト・ヒッツ,カーペンターズ 〜20/20 ベスト・オブ・ベスト・セレクション,ベスト・プライス〜カーペンターズ・ベスト,イフ・アイ・ワー・ア・カーペンター〜カーペンターズに捧ぐ,アンソロジー【Disc.1&Disc.2】,青春の輝き 2〜ラヴ・ソングス,シングルズ 1969-1981,イエスタディ・ワンス・モア,シングルズ 1969-1973,カナリー・テレビ・プラス・コマーシャル,EN L'AIR 1/fのゆらぎ〜洋楽スタンダードヒット作品集,イエスタデイ・ワンス・モア〜TRIBUTE TO THE CARPENTERS〜,イエスタデイ ワンス モア,遙かなる影〜CLOSE TO YOU,遙かなる影〜CLOSE TO YOU
愛にさよならを,カーペンターズ・ゴールド,カーペンターズ・ゴールド,青春の輝き〜ベスト・オブ・カーペンターズ,カーペンターズ40/40 〜ベスト・セレクション(通常盤),ベスト・プライス〜カーペンターズ・ベスト,イエスタディ・ワンス・モア,トップ・オブ・ザ・ワールド,トップ・オブ・ザ・ワールド,トップ・オブ・ザ・ワールド,アンソロジー【Disc.3&Disc.4】,青春の輝き 2〜ラヴ・ソングス,ア・ソング・フォー・ユー,シングルズ 1969-1981,イエスタディ・ワンス・モア,シングルズ 1969-1981,シングルズ 1969-1973,青春の輝き〜上松美香 PLAYS カーペンターズ(通常盤),Sing Once More〜Dear Carpenters〜,CARPENTERS〜インストゥルメンタル・コレクション,新たなる輝き〜イエスタディ・ワンス・モア,イエスタデイ ワンス モア
小さな愛の願い,カーペンターズ・ゴールド,カーペンターズ・ゴールド,青春の輝き〜ベスト・オブ・カーペンターズ,カーペンターズ40/40 〜ベスト・セレクション(通常盤),ベスト・プライス〜カーペンターズ・ベスト,イフ・アイ・ワー・ア・カーペンター〜カーペンターズに捧ぐ,トップ・オブ・ザ・ワールド,トップ・オブ・ザ・ワールド,トップ・オブ・ザ・ワールド,ア・ソング・フォー・ユー,シングルズ 1969-1981,イエスタディ・ワンス・モア,シングルズ 1969-1981,シングルズ 1969-1973
愛は夢の中に,カーペンターズ・ゴールド,カーペンターズ・ゴールド,イエスタディ・ワンス・モア/カーペンターズ・ゼア・グレイテスト・ヒッツ,青春の輝き〜ベスト・オブ・カーペンターズ,カーペンターズ40/40 〜ベスト・セレクション(通常盤),イエスタデイ・ワンス・モア/カーペンターズ・ゼア・グレイテスト・ヒッツ,ベスト・プライス〜カーペンターズ・ベスト,トップ・オブ・ザ・ワールド,トップ・オブ・ザ・ワールド,トップ・オブ・ザ・ワールド,アンソロジー【Disc.3&Disc.4】,青春の輝き 2〜ラヴ・ソングス,ア・ソング・フォー・ユー,シングルズ 1969-1981,イエスタディ・ワンス・モア,シングルズ 1969-1981,青春の輝き〜上松美香 PLAYS カーペンターズ(通常盤),遥かなる影〜カーペンターズ・コネクション,遥かなる影〜カーペンターズ・コネクション,イエスタデイ・ワンス・モア〜TRIBUTE TO THE CARPENTERS〜,CARPENTERS〜インストゥルメンタル・コレクション,イエスタデイ ワンス モア,A&M グレイテスト・ヒッツ,ゾーズ・アイズ
レインボウ・コネクション,カーペンターズ・ゴールド,カーペンターズ・ゴールド,レインボウ・コネクション〜アズ・タイム・ゴーズ・バイ
シング,カーペンターズ・ゴールド,カーペンターズ・ゴールド,カーペンターズ・フォーエバー,青春の輝き〜ベスト・オブ・カーペンターズ,カーペンターズ40/40 〜ベスト・セレクション(通常盤),ベスト・プライス〜カーペンターズ・ベスト,スーパー・ベスト,アンソロジー【Disc.1&Disc.2】,バイ・リクエスト,ナウ・アンド・ゼン,シングルズ 1969-1981,イエスタディ・ワンス・モア,シングルズ 1969-1981,シングルズ 1969-1973,ミルク・ボッサ・プレゼンツ・マルセラ,青春の輝き〜上松美香 PLAYS カーペンターズ(通常盤),イエスタデイ・ワンス・モア〜TRIBUTE TO THE CARPENTERS〜,Sing Once More〜Dear Carpenters〜,遙かなる影〜CLOSE TO YOU,柴矢裕美と歌おうレッツ・シング!!〜「おさかな天国」から「ニッキ・ニャッキ」まで〜,草原の輝き
ジャンバラヤ,カーペンターズ・ゴールド,カーペンターズ・ゴールド,カーペンターズ・フォーエバー,イエスタディ・ワンス・モア/カーペンターズ・ゼア・グレイテスト・ヒッツ,青春の輝き〜ベスト・オブ・カーペンターズ,カーペンターズ40/40 〜ベスト・セレクション(通常盤),イエスタデイ・ワンス・モア/カーペンターズ・ゼア・グレイテスト・ヒッツ,カーペンターズ 〜20/20 ベスト・オブ・ベスト・セレクション,アンソロジー【Disc.1&Disc.2】,ナウ・アンド・ゼン,オルゴールRecollectセレクション GREATEST POP HITS,青春の輝き〜上松美香 PLAYS カーペンターズ(通常盤),イエスタデイ・ワンス・モア〜TRIBUTE TO THE CARPENTERS〜,Sing Once More〜Dear Carpenters〜
タッチ・ミー,カーペンターズ・ゴールド,カーペンターズ・ゴールド,カーペンターズ・フォーエバー,イエスタディ・ワンス・モア/カーペンターズ・ゼア・グレイテスト・ヒッツ,青春の輝き〜ベスト・オブ・カーペンターズ,イエスタデイ・ワンス・モア/カーペンターズ・ゼア・グレイテスト・ヒッツ,ベスト・プライス〜カーペンターズ・ベスト,アンソロジー【Disc.3&Disc.4】,メイド・イン・アメリカ,シングルズ 1969-1981,イエスタディ・ワンス・モア,シングルズ 1969-1981
プリーズ・ミスター・ポストマン,カーペンターズ・ゴールド,カーペンターズ・ゴールド,カーペンターズ・フォーエバー,イエスタディ・ワンス・モア/カーペンターズ・ゼア・グレイテスト・ヒッツ,青春の輝き〜ベスト・オブ・カーペンターズ,カーペンターズ40/40 〜ベスト・セレクション(通常盤),イエスタデイ・ワンス・モア/カーペンターズ・ゼア・グレイテスト・ヒッツ,ベスト・プライス〜カーペンターズ・ベスト,緑の地平線(ホライゾン),緑の地平線(ホライゾン),シングルズ 1969-1981,イエスタディ・ワンス・モア,シングルズ 1969-1981
ソリテアー,カーペンターズ・ゴールド,カーペンターズ・ゴールド,イエスタディ・ワンス・モア/カーペンターズ・ゼア・グレイテスト・ヒッツ,青春の輝き〜ベスト・オブ・カーペンターズ,カーペンターズ40/40 〜ベスト・セレクション(通常盤),イエスタデイ・ワンス・モア/カーペンターズ・ゼア・グレイテスト・ヒッツ,イフ・アイ・ワー・ア・カーペンター〜カーペンターズに捧ぐ,青春の輝き 2〜ラヴ・ソングス,緑の地平線(ホライゾン),緑の地平線(ホライゾン),イエスタデイ・ワンス・モア〜TRIBUTE TO THE CARPENTERS〜
愛のプレリュード,カーペンターズ・ゴールド,カーペンターズ・ゴールド,カーペンターズ・フォーエバー,イエスタディ・ワンス・モア/カーペンターズ・ゼア・グレイテスト・ヒッツ,青春の輝き〜ベスト・オブ・カーペンターズ,カーペンターズ40/40 〜ベスト・セレクション(通常盤),カーペンターズ 〜20/20 ベスト・オブ・ベスト・セレクション,ベスト・プライス〜カーペンターズ・ベスト,イフ・アイ・ワー・ア・カーペンター〜カーペンターズに捧ぐ,スーパー・ベスト,アンソロジー【Disc.1&Disc.2】,青春の輝き 2〜ラヴ・ソングス,バイ・リクエスト,遙かなる影,シングルズ 1969-1981,イエスタディ・ワンス・モア,シングルズ 1969-1981,「ミュリエルの結婚」サウンドトラック,シングルズ 1969-1973,青春の輝き〜上松美香 PLAYS カーペンターズ(通常盤),遥かなる影〜カーペンターズ・コネクション,イエスタデイ・ワンス・モア〜TRIBUTE TO THE CARPENTERS〜,Sing Once More〜Dear Carpenters〜,CARPENTERS〜インストゥルメンタル・コレクション,新たなる輝き〜イエスタディ・ワンス・モア,イエスタデイ ワンス モア,A&M グレイテスト・ヒッツ,シルヴァーバード,マイ・ハート・イズ・ホーム,オールド・ファッションド・ラヴ・ソング,ゾーズ・アイズ,ヴェリー・ディオンヌ
遥かなる影,カーペンターズ・ゴールド,スーパー・ベスト,バイ・リクエスト,遙かなる影,シングルズ 1969-1981,A&M-ソングズ オブ バカラック,青春の輝き〜上松美香 PLAYS カーペンターズ(通常盤),遥かなる影〜カーペンターズ・コネクション,Sing Once More〜Dear Carpenters〜,CARPENTERS〜インストゥルメンタル・コレクション,R40'S SURE THINGS!! 本命洋楽カバー集〜イエスタディ・ワンス・モア,yours;Gift
マスカレード,カーペンターズ・ゴールド,カーペンターズ・ゴールド,カーペンターズ・フォーエバー,イエスタディ・ワンス・モア/カーペンターズ・ゼア・グレイテスト・ヒッツ,青春の輝き〜ベスト・オブ・カーペンターズ,カーペンターズ40/40 〜ベスト・セレクション(通常盤),イエスタデイ・ワンス・モア/カーペンターズ・ゼア・グレイテスト・ヒッツ,カーペンターズ 〜20/20 ベスト・オブ・ベスト・セレクション,アンソロジー【Disc.1&Disc.2】,青春の輝き 2〜ラヴ・ソングス,ナウ・アンド・ゼン,イエスタディ・ワンス・モア,遥かなる影〜カーペンターズ・コネクション,イエスタデイ・ワンス・モア〜TRIBUTE TO THE CARPENTERS〜,イエスタデイ ワンス モア,ソングズ・オブ・アワ・タイム
涙の乗車券,カーペンターズ・ゴールド,カーペンターズ・ゴールド,カーペンターズ・フォーエバー,イエスタディ・ワンス・モア/カーペンターズ・ゼア・グレイテスト・ヒッツ,青春の輝き〜ベスト・オブ・カーペンターズ,カーペンターズ40/40 〜ベスト・セレクション(通常盤),イエスタデイ・ワンス・モア/カーペンターズ・ゼア・グレイテスト・ヒッツ,カーペンターズ 〜20/20 ベスト・オブ・ベスト・セレクション,ベスト・プライス〜カーペンターズ・ベスト,スーパー・ベスト,アンソロジー【Disc.1&Disc.2】,バイ・リクエスト,涙の乗車券,シングルズ 1969-1981,イエスタディ・ワンス・モア,シングルズ 1969-1981,シングルズ 1969-1973,Sing Once More〜Dear Carpenters〜
オンリー・イエスタデイ,カーペンターズ・ゴールド,カーペンターズ・ゴールド,イエスタディ・ワンス・モア/カーペンターズ・ゼア・グレイテスト・ヒッツ,青春の輝き〜ベスト・オブ・カーペンターズ,カーペンターズ40/40 〜ベスト・セレクション(通常盤),イエスタデイ・ワンス・モア/カーペンターズ・ゼア・グレイテスト・ヒッツ,カーペンターズ 〜20/20 ベスト・オブ・ベスト・セレクション,ベスト・プライス〜カーペンターズ・ベスト,イエスタディ・ワンス・モア,アンソロジー【Disc.3&Disc.4】,青春の輝き 2〜ラヴ・ソングス,緑の地平線(ホライゾン),シングルズ 1969-1981,イエスタディ・ワンス・モア,シングルズ 1969-1981,イエスタデイ・ワンス・モア〜TRIBUTE TO THE CARPENTERS〜,CARPENTERS〜インストゥルメンタル・コレクション
リーヴ・イエスタデイ・ビハインド,カーペンターズ・ゴールド,カーペンターズ・ゴールド,カーペンターズ40/40 〜ベスト・セレクション(通常盤),レインボウ・コネクション〜アズ・タイム・ゴーズ・バイ
見つめあう恋,カーペンターズ・フォーエバー,青春の輝き〜ベスト・オブ・カーペンターズ,アンソロジー【Disc.3&Disc.4】,見つめあう恋,イエスタディ・ワンス・モア,遥かなる影〜カーペンターズ・コネクション,CARPENTERS〜インストゥルメンタル・コレクション
恋よさようなら,カーペンターズ・フォーエバー,遙かなる影
愛にさようならを,イエスタディ・ワンス・モア/カーペンターズ・ゼア・グレイテスト・ヒッツ,イフ・アイ・ワー・ア・カーペンター〜カーペンターズに捧ぐ
ハーティング・イーチ・アザー,イエスタディ・ワンス・モア/カーペンターズ・ゼア・グレイテスト・ヒッツ,青春の輝き〜ベスト・オブ・カーペンターズ,カーペンターズ40/40 〜ベスト・セレクション(通常盤),イエスタデイ・ワンス・モア/カーペンターズ・ゼア・グレイテスト・ヒッツ,ベスト・プライス〜カーペンターズ・ベスト,イフ・アイ・ワー・ア・カーペンター〜カーペンターズに捧ぐ,トップ・オブ・ザ・ワールド,トップ・オブ・ザ・ワールド,トップ・オブ・ザ・ワールド,アンソロジー【Disc.3&Disc.4】,青春の輝き 2〜ラヴ・ソングス,ア・ソング・フォー・ユー,シングルズ 1969-1981,イエスタディ・ワンス・モア,シングルズ 1969-1981,シングルズ 1969-1973,遙かなる影〜CLOSE TO YOU
遠い思い出,イエスタディ・ワンス・モア/カーペンターズ・ゼア・グレイテスト・ヒッツ
ふたりのラヴ・ソング,イエスタディ・ワンス・モア/カーペンターズ・ゼア・グレイテスト・ヒッツ,カーペンターズ40/40 〜ベスト・セレクション(通常盤),イエスタデイ・ワンス・モア/カーペンターズ・ゼア・グレイテスト・ヒッツ,イエスタディ・ワンス・モア,シングルズ 1969-1981,遙かなる影〜CLOSE TO YOU
星空への旅立ち(コーリング・オキュパンツ),イエスタディ・ワンス・モア/カーペンターズ・ゼア・グレイテスト・ヒッツ
スウィート・スマイル,青春の輝き〜ベスト・オブ・カーペンターズ,カーペンターズ40/40 〜ベスト・セレクション(通常盤),アンソロジー【Disc.3&Disc.4】,パッセージ,イエスタディ・ワンス・モア
ラヴ・イズ・サレンダー,カーペンターズ40/40 〜ベスト・セレクション(通常盤),カーペンターズ 〜20/20 ベスト・オブ・ベスト・セレクション,遙かなる影
メイビー・イッツ・ユー,カーペンターズ40/40 〜ベスト・セレクション(通常盤),カーペンターズ 〜20/20 ベスト・オブ・ベスト・セレクション,遙かなる影
リーズン・トゥ・ビリーヴ,カーペンターズ40/40 〜ベスト・セレクション(通常盤),カーペンターズ 〜20/20 ベスト・オブ・ベスト・セレクション,遙かなる影,遥かなる影〜カーペンターズ・コネクション,遥かなる影〜カーペンターズ・コネクション
愛のゆくえ,カーペンターズ40/40 〜ベスト・セレクション(通常盤),青春の輝き 2〜ラヴ・ソングス,愛の軌跡〜ラヴラインズ
ワン・モア・タイム,カーペンターズ40/40 〜ベスト・セレクション(通常盤),見つめあう恋
遠い想い出,カーペンターズ40/40 〜ベスト・セレクション(通常盤),イエスタデイ・ワンス・モア/カーペンターズ・ゼア・グレイテスト・ヒッツ,カーペンターズ 〜20/20 ベスト・オブ・ベスト・セレクション,ベスト・プライス〜カーペンターズ・ベスト,アンソロジー【Disc.1&Disc.2】,メイド・イン・アメリカ,シングルズ 1969-1981,イエスタディ・ワンス・モア,シングルズ 1969-1981
クリスタル・ララバイ,カーペンターズ40/40 〜ベスト・セレクション(通常盤),カーペンターズ 〜20/20 ベスト・オブ・ベスト・セレクション,トップ・オブ・ザ・ワールド,トップ・オブ・ザ・ワールド,トップ・オブ・ザ・ワールド,ア・ソング・フォー・ユー
アイ・ビリーヴ・ユー,カーペンターズ40/40 〜ベスト・セレクション(通常盤),カーペンターズ 〜20/20 ベスト・オブ・ベスト・セレクション,ベスト・プライス〜カーペンターズ・ベスト,メイド・イン・アメリカ,シングルズ 1969-1981,シングルズ 1969-1981
動物と子供達の詩,カーペンターズ40/40 〜ベスト・セレクション(通常盤),カーペンターズ 〜20/20 ベスト・オブ・ベスト・セレクション,ア・ソング・フォー・ユー
星空に愛を(コーリング・オキュパンツ),カーペンターズ40/40 〜ベスト・セレクション(通常盤),イエスタディ・ワンス・モア
ナウ,カーペンターズ40/40 〜ベスト・セレクション(通常盤),アンソロジー【Disc.3&Disc.4】
ア・ソング・フォー・ユー,カーペンターズ40/40 〜ベスト・セレクション(通常盤),トップ・オブ・ザ・ワールド,トップ・オブ・ザ・ワールド,トップ・オブ・ザ・ワールド,トップ・オブ・ザ・ワールド,トップ・オブ・ザ・ワールド,アンソロジー【Disc.1&Disc.2】,青春の輝き 2〜ラヴ・ソングス,ア・ソング・フォー・ユー,ア・ソング・フォー・ユー,遥かなる影〜カーペンターズ・コネクション,遥かなる影〜カーペンターズ・コネクション,遥かなる影〜カーペンターズ・コネクション,エヴリシング・マスト・チェンジ,エヴリシング・マスト・チェンジ(紙ジャケット仕様)(HYB)
オーディナリー・フール,カーペンターズ40/40 〜ベスト・セレクション(通常盤),A&M グレイテスト・ヒッツ
すばらしき人生,カーペンターズ40/40 〜ベスト・セレクション(通常盤),メイド・イン・アメリカ
ユア・ベイビー,カーペンターズ40/40 〜ベスト・セレクション(通常盤),遥かなる影〜カーペンターズ・コネクション
ベイビー・イッツ・ユー,カーペンターズ40/40 〜ベスト・セレクション(通常盤),カーペンターズ 〜20/20 ベスト・オブ・ベスト・セレクション,遙かなる影,バート・バカラック・プレゼンツ・スウィート・メロディーズ,遥かなる影〜カーペンターズ・コネクション
涙の色は,カーペンターズ40/40 〜ベスト・セレクション(通常盤),メイド・イン・アメリカ
イエスタデイ・ワンス・モア(リミックス),イエスタデイ・ワンス・モア/カーペンターズ・ゼア・グレイテスト・ヒッツ
スーパースター(リミックス),イエスタデイ・ワンス・モア/カーペンターズ・ゼア・グレイテスト・ヒッツ
雨の日と月曜日は(リミックス),イエスタデイ・ワンス・モア/カーペンターズ・ゼア・グレイテスト・ヒッツ
トップ・オブ・ザ・ワールド(シングル・ミックス),イエスタデイ・ワンス・モア/カーペンターズ・ゼア・グレイテスト・ヒッツ
愛にさようならを(リミックス),イエスタデイ・ワンス・モア/カーペンターズ・ゼア・グレイテスト・ヒッツ
愛のプレリュード(リミックス),イエスタデイ・ワンス・モア/カーペンターズ・ゼア・グレイテスト・ヒッツ
星空への旅立ち(コーリング・オキュパンツ)(リミックス),イエスタデイ・ワンス・モア/カーペンターズ・ゼア・グレイテスト・ヒッツ
二人のラヴ・ソング,ベスト・プライス〜カーペンターズ・ベスト,アンソロジー【Disc.1&Disc.2】,青春の輝き 2〜ラヴ・ソングス,パッセージ,シングルズ 1969-1981
ふたりの誓い(リプライズ),ベスト・プライス〜カーペンターズ・ベスト,シングルズ 1969-1981,シングルズ 1969-1981
星空への旅立ち〜コーリング・オキュパンツ,イフ・アイ・ワー・ア・カーペンター〜カーペンターズに捧ぐ
動物と子供たちの詩,イフ・アイ・ワー・ア・カーペンター〜カーペンターズに捧ぐ,トップ・オブ・ザ・ワールド,トップ・オブ・ザ・ワールド,トップ・オブ・ザ・ワールド,アンソロジー【Disc.1&Disc.2】,イエスタディ・ワンス・モア
明日への旅路,スーパー・ベスト,トップ・オブ・ザ・ワールド,トップ・オブ・ザ・ワールド,トップ・オブ・ザ・ワールド,バイ・リクエスト,ア・ソング・フォー・ユー
ミスター・グーダー,スーパー・ベスト,アンソロジー【Disc.3&Disc.4】,バイ・リクエスト,遙かなる影
ユー,スーパー・ベスト,バイ・リクエスト,見つめあう恋,遥かなる影〜カーペンターズ・コネクション
微笑の泉,スーパー・ベスト,バイ・リクエスト,見つめあう恋
ハッピー,スーパー・ベスト,バイ・リクエスト,緑の地平線(ホライゾン),緑の地平線(ホライゾン)
アイ・キャント・メイク・ミュージック,スーパー・ベスト,バイ・リクエスト,ナウ・アンド・ゼン
オンリー・イエスタディ,スーパー・ベスト,バイ・リクエスト,緑の地平線(ホライゾン)
愛は永遠,スーパー・ベスト
インター・ミッション,トップ・オブ・ザ・ワールド,トップ・オブ・ザ・ワールド
フラット・バロック,トップ・オブ・ザ・ワールド,トップ・オブ・ザ・ワールド,トップ・オブ・ザ・ワールド,ア・ソング・フォー・ユー,新たなる輝き〜イエスタディ・ワンス・モア
ピアノ・ピッカー,トップ・オブ・ザ・ワールド,トップ・オブ・ザ・ワールド,トップ・オブ・ザ・ワールド,ア・ソング・フォー・ユー
インターミッション,トップ・オブ・ザ・ワールド,ア・ソング・フォー・ユー,イエスタデイ・ワンス・モア〜TRIBUTE TO THE CARPENTERS〜
ア・ソング・フォー・ユー(リプライズ),トップ・オブ・ザ・ワールド
ウェディング・ソング,アンソロジー【Disc.1&Disc.2】,メイド・イン・アメリカ,イエスタディ・ワンス・モア
アヴェ・マリア,アンソロジー【Disc.1&Disc.2】,クリスマス・ポートレイト,クリスマス・コレクション,yours;Gift
星空に愛を,アンソロジー【Disc.1&Disc.2】
愛は虹の色(デスペラード),アンソロジー【Disc.1&Disc.2】
バック・イン・マイ・ライフ,アンソロジー【Disc.1&Disc.2】,メイド・イン・アメリカ,イエスタディ・ワンス・モア
イエスタデイワンスモア;ファン、ファン、ファン|この世の果てまで|ハイロンロン|デッドマンズカーヴ|ジョニーエンジェル|燃ゆる瞳|燃える初恋(アワー,アンソロジー【Disc.1&Disc.2】
想い出にさよなら,アンソロジー【Disc.3&Disc.4】,青春の輝き 2〜ラヴ・ソングス,パッセージ,イエスタディ・ワンス・モア
ホノルル・シティ・ライツ,アンソロジー【Disc.3&Disc.4】,愛の軌跡〜ラヴラインズ
ヘルプ,アンソロジー【Disc.3&Disc.4】,遙かなる影
恋のビーチウッド,アンソロジー【Disc.3&Disc.4】,メイド・イン・アメリカ,遥かなる影〜カーペンターズ・コネクション
グッバイアンドアイラヴユー,アンソロジー【Disc.3&Disc.4】
プリーズミスターポストマン,アンソロジー【Disc.3&Disc.4】
月影のバルコニー,アンソロジー【Disc.3&Disc.4】
泣かないでアージェンティーナ,アンソロジー【Disc.3&Disc.4】
愛しつづけて,アンソロジー【Disc.3&Disc.4】,遙かなる影,遥かなる影〜カーペンターズ・コネクション
二人の想い出,アンソロジー【Disc.3&Disc.4】
バカラック/デヴィッドメドレー;エニイデイナウ|ベイビーイッツユー|去りし時を知って|涙でさようなら|愛の想い出|恋よさようなら|ウォークオンバイ,アンソロジー【Disc.3&Disc.4】
あなたがすべて,青春の輝き 2〜ラヴ・ソングス,愛の軌跡〜ラヴラインズ
遠い初恋,青春の輝き 2〜ラヴ・ソングス,イエスタディ・ワンス・モア
ホエン・アイ・フォール・イン・ラヴ,青春の輝き 2〜ラヴ・ソングス,愛の軌跡〜ラヴラインズ
愛は永遠(とわ)に,バイ・リクエスト
一人にさせて,パッセージ
月影のバルコニー/泣かないでアージェンティーナ(ミュージカル「エヴィータ」より),パッセージ
あの日、あの時,パッセージ
恋の強がり,パッセージ
星空に愛を〜コーリング・オキュパンツ,パッセージ
クレセント・ヌーン,遙かなる影
アナザー・ソング,遙かなる影
希望の鐘,緑の地平線(ホライゾン),緑の地平線(ホライゾン)
愛は虹の色,緑の地平線(ホライゾン),CARPENTERS〜インストゥルメンタル・コレクション
アイ・キャン・ドリーム,緑の地平線(ホライゾン),緑の地平線(ホライゾン)
グッバイ・アンド・アイ・ラヴ・ユー,緑の地平線(ホライゾン),緑の地平線(ホライゾン)
愛は木の葉のように,緑の地平線(ホライゾン),緑の地平線(ホライゾン)
悲しみの夕暮れ,緑の地平線(ホライゾン),緑の地平線(ホライゾン)
ストレンクス・オブ・ア・ウーマン,メイド・イン・アメリカ
あなたを信じて,メイド・イン・アメリカ
サタディ,スーパースター
去りし時を知って(メドレー)|涙でさよなら(メドレー)|愛の想い出(メドレー)|恋よさようなら(メドレー)|ウォーク・オン・バイ(メドレー)|サン・ホセへの道,スーパースター
天なる神には(賛美歌114番),クリスマス・ポートレイト,クリスマス・コレクション
序曲a.ハッピー・ホリディb.まきびと羊をc.おもちゃの行進d.リトル・ジーザスe.ママがサンタにキッスしたf.ああベツレヘムよg.もろびと声あげ,クリスマス・ポートレイト
オールド・ファッション・クリスマス,クリスマス・ポートレイト
クリスマス・ワルツ,クリスマス・ポートレイト,クリスマス・ポートレイト,クリスマス・コレクション
たのしいそり遊び,クリスマス・ポートレイト
クリスマス・タイム,クリスマス・ポートレイト
メリー・リトル・クリスマス,クリスマス・ポートレイト,クリスマス・ポートレイト,クリスマス・コレクション
サンタが街にやってくる,クリスマス・ポートレイト,クリスマス・ポートレイト,クリスマス・コレクション,クリスマス・コレクション
クリスマス・ソング,クリスマス・ポートレイト,クリスマス・ポートレイト,クリスマス・コレクション
キャロル・オブ・ザ・ベルズ,クリスマス・ポートレイト,クリスマス・ポートレイト,クリスマス・コレクション
メリー・クリスマス・ダーリン,クリスマス・ポートレイト,クリスマス・ポートレイト,クリスマス・コレクション
主は生れ給いぬ,クリスマス・ポートレイト
オー・ホリー・ナイト,クリスマス・ポートレイト
ホーム・フォー・ザ・ホリデイズ,クリスマス・ポートレイト,クリスマス・コレクション
サンタ・クロースがやってくる(メドレー)|フロスティ・ザ・スノウマン(メドレー)|赤鼻のトナカイ(メドレー)|よき王ウェンセスラス(メドレー),クリスマス・ポートレイト
ウィンター・ワンダーランド/シルバー・ベルズ/ホワイト・クリスマス,クリスマス・ポートレイト
アベ・マリア,クリスマス・ポートレイト
組曲「くるみ割り人形」よりa.小さい序曲b.金米糖の踊りc.花のワルツ,クリスマス・ポートレイト
リトル・オルター・ボーイ,クリスマス・ポートレイト,クリスマス・コレクション
クリスマスはわが家で,クリスマス・ポートレイト,クリスマス・ポートレイト,クリスマス・コレクション
きよしこの夜,クリスマス・ポートレイト,クリスマス・ポートレイト,クリスマス・コレクション,まどろみたいむ〜手まわしオルゴール〜
愛の虹の色(デスペラード),緑の地平線(ホライゾン)
サンディー,見つめあう恋
グーファス,見つめあう恋
夢の小舟,見つめあう恋
愛のキャンドル・ライト,見つめあう恋
悲しき慕情,見つめあう恋,遥かなる影〜カーペンターズ・コネクション
ヘザー,ナウ・アンド・ゼン
イエスタデイ・ワンス・モア〜A)ファン・ファン・ファン,ナウ・アンド・ゼン
イエスタデイ・ワンス・モア〜B)この世の果てまで,ナウ・アンド・ゼン
イエスタデイ・ワンス・モア〜C)ハイ・ロン・ロン,ナウ・アンド・ゼン
イエスタデイ・ワンス・モア〜D)デッドマンズ・カーブ,ナウ・アンド・ゼン
イエスタデイ・ワンス・モア〜E)ジョニー・エンジェル,ナウ・アンド・ゼン
イエスタデイ・ワンス・モア〜F)燃ゆる瞳,ナウ・アンド・ゼン
イエスタデイ・ワンス・モア〜G)アワ・デイ・ウィル・カム,ナウ・アンド・ゼン
イエスタデイ・ワンス・モア〜H)ワン・ファイン・デイ,ナウ・アンド・ゼン
恋はシャンソン,恋はシャンソン〜クロード・フランソワ・ベスト
涙のテレフォン・コール,恋はシャンソン〜クロード・フランソワ・ベスト
陽のあたる月曜日,恋はシャンソン〜クロード・フランソワ・ベスト
花束と女の子,恋はシャンソン〜クロード・フランソワ・ベスト
君が恋におちた時,恋はシャンソン〜クロード・フランソワ・ベスト
ニナ・ナナ,恋はシャンソン〜クロード・フランソワ・ベスト
今夜は君の家でディナーを,恋はシャンソン〜クロード・フランソワ・ベスト
ベリンダ,恋はシャンソン〜クロード・フランソワ・ベスト
誤解と偏見,恋はシャンソン〜クロード・フランソワ・ベスト
泣く人、笑う人,恋はシャンソン〜クロード・フランソワ・ベスト
シャ・ラ・ラ,恋はシャンソン〜クロード・フランソワ・ベスト
ワイルド・ガール,恋はシャンソン〜クロード・フランソワ・ベスト
君の笑顔,恋はシャンソン〜クロード・フランソワ・ベスト
君は僕のすべて,恋はシャンソン〜クロード・フランソワ・ベスト
ラスト・ソング,恋はシャンソン〜クロード・フランソワ・ベスト
祈り,涙の乗車券
ワンダフル・パレード,涙の乗車券
いつの日か愛に,涙の乗車券
ゲット・トゥゲザー,涙の乗車券
私のすべてをあなたに,涙の乗車券
ターン・アウェイ,涙の乗車券
恐れないで,涙の乗車券
何になるの,涙の乗車券
オール・アイ・キャン・ドゥ,涙の乗車券
眠れない夜,涙の乗車券
歌うのをやめた私,涙の乗車券
神の祝福を,涙の乗車券
ラヴラインズ,愛の軌跡〜ラヴラインズ
アンインヴァイテッド・ゲスト,愛の軌跡〜ラヴラインズ
イフ・ウィ・トライ,愛の軌跡〜ラヴラインズ
キス・ミー・ザ・ウェイ,愛の軌跡〜ラヴラインズ
愛の想い出,愛の軌跡〜ラヴラインズ
スロー・ダンス,愛の軌跡〜ラヴラインズ
イフ・アイ・ハド・ユー,愛の軌跡〜ラヴラインズ
リトル・ガール・ブルー,愛の軌跡〜ラヴラインズ,遥かなる影〜カーペンターズ・コネクション
久しく待ちにし,クリスマス・ポートレイト,クリスマス・コレクション
序曲,クリスマス・ポートレイト,クリスマス・コレクション,クリスマス・コレクション
楽しいそり遊び,クリスマス・ポートレイト,クリスマス・コレクション
クリスマス・タイム|夢の中に,クリスマス・ポートレイト,クリスマス・コレクション
ジングル・ベル,クリスマス・ポートレイト,クリスマス・コレクション
ファースト・スノウ・フォール|レット・イット・スノウ,クリスマス・ポートレイト,クリスマス・コレクション
主は生まれ給いぬ,クリスマス・ポートレイト,クリスマス・コレクション
ウィンター・ワンダーランド|シルヴァー・ベルズ|ホワイト・クリスマス,クリスマス・ポートレイト,クリスマス・コレクション
ウィザウト・ア・ソング,レインボウ・コネクション〜アズ・タイム・ゴーズ・バイ
メドレー,レインボウ・コネクション〜アズ・タイム・ゴーズ・バイ,レインボウ・コネクション〜アズ・タイム・ゴーズ・バイ,クリスマス・コレクション
ひとりぼっちのあいつ,レインボウ・コネクション〜アズ・タイム・ゴーズ・バイ
アイ・ガット・リズム,レインボウ・コネクション〜アズ・タイム・ゴーズ・バイ
ダンシング・イン・ザ・ストリート,レインボウ・コネクション〜アズ・タイム・ゴーズ・バイ,遥かなる影〜カーペンターズ・コネクション
ディジー・フィンガーズ,レインボウ・コネクション〜アズ・タイム・ゴーズ・バイ
ユーアー・ジャスト・イン・ラヴ,レインボウ・コネクション〜アズ・タイム・ゴーズ・バイ
カレン/エラ・メドレー,レインボウ・コネクション〜アズ・タイム・ゴーズ・バイ
カーペンターズ/コモ・メドレー,レインボウ・コネクション〜アズ・タイム・ゴーズ・バイ
夢のカリフォルニア,レインボウ・コネクション〜アズ・タイム・ゴーズ・バイ,遥かなる影〜カーペンターズ・コネクション,トレンディ・ラヴァーズ
ヒッツ・メドレー'76,レインボウ・コネクション〜アズ・タイム・ゴーズ・バイ
ブライダル・ダンシング・クイーン(エディテッド・オーケストラル・スコア),「ミュリエルの結婚」サウンドトラック
シュガー・ベイビー・ラヴ,「ミュリエルの結婚」サウンドトラック,カナリー・テレビ・プラス・コマーシャル,トレンディ・ラヴァーズ
ロンリー・ハーツ,「ミュリエルの結婚」サウンドトラック
夢みるNo.1,「ミュリエルの結婚」サウンドトラック
恋のウォータールー,「ミュリエルの結婚」サウンドトラック,アバ・ゴールド(グレイテスト ヒッツ),アバ・ゴールド
アイ・ゴー・トゥ・リオ,「ミュリエルの結婚」サウンドトラック
ビーン・バッグ,「ミュリエルの結婚」サウンドトラック
Tシャツとジーンズ,「ミュリエルの結婚」サウンドトラック
恋のとまどい,「ミュリエルの結婚」サウンドトラック,バート・バカラック・プレゼンツ・スウィート・メロディーズ
ブライダル・ダンシング・クイーン(フル・オーケストラル・スコア),「ミュリエルの結婚」サウンドトラック
アイ・ドゥ・アイ・ドゥ,「ミュリエルの結婚」サウンドトラック
ハッピー・トゥゲザー,「ミュリエルの結婚」サウンドトラック
ミュリエルの結婚,「ミュリエルの結婚」サウンドトラック
ダンシング・クイーン,「ミュリエルの結婚」サウンドトラック,ストライク!-ベスト・フォー・40s-,ユア・ソング〜フォーエヴァー,アバ・ゴールド(グレイテスト ヒッツ),アバ・ゴールド
BabyLovefeat.LauraYokozawa,大人リゾート
Apologise,大人リゾート
BigYellowTaxifeat.LauraYokozawa,大人リゾート
MidnightAtTheOasisfeat.HiroMatsubara,大人リゾート
We'veOnlyJustBegun,大人リゾート,Rie fu Sings the Carpenters
LoveTheWayYouLie,大人リゾート
PrettyGirlRock,大人リゾート
KissOfLifefeat.アオキマミ,大人リゾート
Interlude,大人リゾート
TakeABow,大人リゾート
ReturnoftheMack,大人リゾート
RudeBoy,大人リゾート
ValdezinTheCountry,大人リゾート
YesterdayOnceMorefeat.アオキマミ,大人リゾート
EternalRain,大人リゾート
GiveItUp,REST CRUSADERS
Situation,REST CRUSADERS
LETITGO,REST CRUSADERS
SatanicSaints,REST CRUSADERS
Acid-ColorZoo(ThemeForCHEW-STIEBOYZ),REST CRUSADERS
SECONDTHATEMOTION,REST CRUSADERS
OVERKILL,REST CRUSADERS
FREEDOM,REST CRUSADERS
IWANNAGOTOTHEDISKO,REST CRUSADERS
EVERYBODYHATESMYGUITARSOUND,REST CRUSADERS
OTHERSIDEOFTHEWALL,REST CRUSADERS
WINDOM,REST CRUSADERS
NOTHINGTOLOSE,REST CRUSADERS
SAILON!HAILON!,REST CRUSADERS
SIBERIANGIANT,REST CRUSADERS
GETUP!GETUP!,REST CRUSADERS
SAYGOOD-NIGHT,REST CRUSADERS
SUPERCOLLIDER,REST CRUSADERS
B.A.D.,REST CRUSADERS
SENSATION,REST CRUSADERS
GIRLFRIDAY,REST CRUSADERS
FOLLOWME,REST CRUSADERS
FOOLGROOVE,REST CRUSADERS
OURMELODY,REST CRUSADERS
STATICBITER,REST CRUSADERS
DROOGINASLUM,REST CRUSADERS
FAIRYTALE,REST CRUSADERS
MONOLOGUEINMYHEART,REST CRUSADERS
ウォーアイニー,REST CRUSADERS
IWANNABEADREAMMAKER,REST CRUSADERS
DON'TSAYGOOD-BYE,REST CRUSADERS
Intotheskyfeat.BEATCRUSADERS,REST CRUSADERS
SOLITAIRE,REST CRUSADERS
One,REST CRUSADERS
SWEETDREAMS,REST CRUSADERS
HITINTHED.M.C,REST CRUSADERS
THUNDERSTRUCK,REST CRUSADERS
ありえないくらい奇跡,REST CRUSADERS
NICEDAYfeat.BEATCRUSADERS,REST CRUSADERS
BYCHANCE,REST CRUSADERS
E.S.P.,REST CRUSADERS
メイク・イット・イージー・オン・ユアセルフ,A&M-ソングズ オブ バカラック
恋のおもかげ,A&M-ソングズ オブ バカラック,A&M-ソングズ オブ バカラック,A&M-ソングズ オブ バカラック
愛を求めて,A&M-ソングズ オブ バカラック,A&M-ソングズ オブ バカラック
サン・ホセへの道,A&M-ソングズ オブ バカラック,バート・バカラック・プレゼンツ・スウィート・メロディーズ
ウィッシン&ホーピン,A&M-ソングズ オブ バカラック
ハウス・イズ・ノット・ホーム,A&M-ソングズ オブ バカラック
雨にぬれても,A&M-ソングズ オブ バカラック,洋楽セレクション/For You〜ユア・ソング〜,バート・バカラック・プレゼンツ・スウィート・メロディーズ,EN L'AIR 1/fのゆらぎ〜洋楽スタンダードヒット作品集
小さな願い,A&M-ソングズ オブ バカラック,バート・バカラック・プレゼンツ・スウィート・メロディーズ
ディス・ガイ,A&M-ソングズ オブ バカラック
ベイビー・イッツー・ユー,A&M-ソングズ オブ バカラック
ドント・ゴー・ブレイキング・マイ・ハート,A&M-ソングズ オブ バカラック
ボンド・ストリート,A&M-ソングズ オブ バカラック
ウォーク・オン・バイ,A&M-ソングズ オブ バカラック,バート・バカラック・プレゼンツ・スウィート・メロディーズ,遥かなる影〜カーペンターズ・コネクション,メイク・ウェイ・フォー・ディオンヌ・ワーウィック(来日記念紙ジャケット・コレクシ 
プロミセス,プロミセス,A&M-ソングズ オブ バカラック
ハズブルック・ハイツ,A&M-ソングズ オブ バカラック
オー・クレア(BonustrackforJapan),イッツ・オール・カヴァー・ナウ、ベイビー・ブルー!
すばらしい日々(BonustrackforJapan),イッツ・オール・カヴァー・ナウ、ベイビー・ブルー!
デイドリーム・ビリーヴァー(BonustrackforJapan),イッツ・オール・カヴァー・ナウ、ベイビー・ブルー!
星のラブレター(BonustrackforJapan),イッツ・オール・カヴァー・ナウ、ベイビー・ブルー!
ヘヴン(BonustrackforJapan),イッツ・オール・カヴァー・ナウ、ベイビー・ブルー!
海へと(BonustrackforJapan),イッツ・オール・カヴァー・ナウ、ベイビー・ブルー!
蕾(BonustrackforJapan),イッツ・オール・カヴァー・ナウ、ベイビー・ブルー!
花になる(BonustrackforJapan),イッツ・オール・カヴァー・ナウ、ベイビー・ブルー!
マジカル・ミステリー・ツアー(BonustrackforJapan),イッツ・オール・カヴァー・ナウ、ベイビー・ブルー!
リンダリンダ(BonustrackforJapan),イッツ・オール・カヴァー・ナウ、ベイビー・ブルー!
ノー・モア・ニュー・ドラッグス〔ジャパニーズ・ヴァージョン〕(BonustrackforJapan),イッツ・オール・カヴァー・ナウ、ベイビー・ブルー!
ホワットエヴァー(BonustrackforJapan),イッツ・オール・カヴァー・ナウ、ベイビー・ブルー!
スリープレス(BonustrackforJapan),イッツ・オール・カヴァー・ナウ、ベイビー・ブルー!
アジアの純真,イッツ・オール・カヴァー・ナウ、ベイビー・ブルー!
イングリッシュ・フォー・ランナウェイズ(Newtrack,previouslyunreleased),イッツ・オール・カヴァー・ナウ、ベイビー・ブルー!
プリティーボーイジョージマイケルジャクソンブラウン(Newtrack,previouslyunreleased),イッツ・オール・カヴァー・ナウ、ベイビー・ブルー!
遥かなる影〜CloseToYou〜,オルゴールRecollectセレクション GREATEST POP HITS
レット・イット・ビー,オルゴールRecollectセレクション GREATEST POP HITS,ミルク・ボッサ・プレゼンツ・マルセラ 2,のほほん族とビートルズ〜あたたかな笑顔〜,ヘイ・ジュード
イエスタデイ,オルゴールRecollectセレクション GREATEST POP HITS,DJ DOGBOY プレゼンツ... レゲエ・シャワー,EN L'AIR 1/fのゆらぎ〜洋楽スタンダードヒット作品集,ヴェリー・ディオンヌ,ポピュラー30年史 ユウ・アー・マイ・サンシャインからマイ・ウェイまで
ヘイ・ジュード,オルゴールRecollectセレクション GREATEST POP HITS,EN L'AIR 1/fのゆらぎ〜洋楽スタンダードヒット作品集,吹奏楽ベスト100【Disc.1&Disc.2】,ヘイ・ジュード,ポピュラー30年史 ユウ・アー・マイ・サンシャインからマイ・ウェイまで
サウンド・オブ・サイレンス,オルゴールRecollectセレクション GREATEST POP HITS,洋楽セレクション/For You〜ユア・ソング〜,EN L'AIR 1/fのゆらぎ〜洋楽スタンダードヒット作品集
コンドルは飛んで行く,オルゴールRecollectセレクション GREATEST POP HITS
ミスター・ロンリー,オルゴールRecollectセレクション GREATEST POP HITS
メロディ・フェア,オルゴールRecollectセレクション GREATEST POP HITS
カントリー・ロード,オルゴールRecollectセレクション GREATEST POP HITS,世界名曲劇場〜序曲〜
ダンシング・クィーン,オルゴールRecollectセレクション GREATEST POP HITS,EN L'AIR 1/fのゆらぎ〜洋楽スタンダードヒット作品集
ホール・ニューワールド,オルゴールRecollectセレクション GREATEST POP HITS
イマジン,オルゴールRecollectセレクション GREATEST POP HITS,EN L'AIR 1/fのゆらぎ〜洋楽スタンダードヒット作品集,ヘイ・ジュード
君の瞳に恋してる,Canary-day trip,ユア・ソング〜フォーエヴァー
マニック・マンデー,Canary-day trip
あなたのとりこ,Canary-day trip
スターティング・オーヴァー,Canary-day trip,ストライク!-ベスト・フォー・40s-
キャンド・ヒート,Canary-day trip
ヘヴン・イズ・ア・プレイス・オン・アース,Canary-day trip
愛はとまらない,Canary-day trip
恋はあせらず,Canary-day trip,ユア・ソング〜フォーエヴァー
シェリーに口づけ,Canary-day trip
ユアソング,SAD IN BOSSA
ティアーズインヘブン,SAD IN BOSSA
ユアビューティフル,SAD IN BOSSA
マイハートウィルゴーオン,SAD IN BOSSA
アイドントウォントトゥーミスアシング,SAD IN BOSSA
シェイプオブマイハート,SAD IN BOSSA
ユーヴガッタアフレンド,SAD IN BOSSA
イエスタデーワンスモア,SAD IN BOSSA
レットイットビー,SAD IN BOSSA
ハウディープイズユアラブ,SAD IN BOSSA
ユーメイクミーフィールブランニュー,SAD IN BOSSA
ワットアワンダフルワールド,SAD IN BOSSA
TheRose,THIS COVER,RESORT WEDDING STYLE
赤いスイートピー,THIS COVER,LOVE〜Seiko Matsuda 20th Anniversary Best Selection〜
サクラフブキ,THIS COVER
崖の上のポニョ,THIS COVER
ルパン三世のテーマ,THIS COVER
歌うたいのバラッド,THIS COVER
Something,THIS COVER
TheWaterIsWide,THIS COVER
星に願いを(ピノキオ),THIS COVER
見上げてごらん夜の星を,THIS COVER
WonderfulTonight,THIS COVER
I'llbethere,THIS COVER
主よ、人の望みの喜びよ,THIS COVER,まどろみたいむ〜手まわしオルゴール〜
いつかのメリークリスマス,THIS COVER
WeAreTheWorld,THIS COVER
虹の彼方に(オズの魔法使い)(withサキタハヂメ(のこぎり)〜NEWBREEZE2007at大阪城野外音楽堂〜)(Bonustrack),THIS COVER
TheEntertainer(withサキタハヂメ(のこぎり)〜NEWBREEZE2007at大阪城野外音楽堂〜)(Bonustrack),THIS COVER
オールド・ファッションド・クリスマス,クリスマス・コレクション
オー・ホーリー・ナイト,クリスマス・コレクション
ドゥ・ユー・ヒア・ホワット・アイ・ヒア?,クリスマス・コレクション
私の好きな物,クリスマス・コレクション
ヒー・ケイム・ヒア・フォー・ミー,クリスマス・コレクション
ホワット・アー・ユー・ドゥーイング・ニュー・イヤーズ・イヴ?,クリスマス・コレクション
組曲“くるみ割り人形"から,クリスマス・コレクション
アイ・ハード・ザ・ベルズ・オン・クリスマス・デイ,クリスマス・コレクション
RibbonInTheSky,ザ・カヴァー〜ユーケー アール・アンド・ビー エッセンシャルズ〜
NoScrubs,ザ・カヴァー〜ユーケー アール・アンド・ビー エッセンシャルズ〜
IWannaDanceWithSomebody,ザ・カヴァー〜ユーケー アール・アンド・ビー エッセンシャルズ〜
CloseToYou,ザ・カヴァー〜ユーケー アール・アンド・ビー エッセンシャルズ〜,フレイヴァー・オブ・クリスマス,RESORT WEDDING STYLE
GetDownOnIt,ザ・カヴァー〜ユーケー アール・アンド・ビー エッセンシャルズ〜
RockWithYou,ザ・カヴァー〜ユーケー アール・アンド・ビー エッセンシャルズ〜
EasyLover,ザ・カヴァー〜ユーケー アール・アンド・ビー エッセンシャルズ〜
TimeAfterTime,ザ・カヴァー〜ユーケー アール・アンド・ビー エッセンシャルズ〜,夕暮れカフェ,BEST CAFE STYLE -POP LIFE- MIXED BY DJ HAL-,ROUND ABOUT,ホエア・アム・アイ・ゴーイング
KillingMeSoftlyWithHisSong,ザ・カヴァー〜ユーケー アール・アンド・ビー エッセンシャルズ〜
Un-BreakMyHeart,ザ・カヴァー〜ユーケー アール・アンド・ビー エッセンシャルズ〜
IBelieveICanFly,ザ・カヴァー〜ユーケー アール・アンド・ビー エッセンシャルズ〜
AlwaysBeMyBaby,ザ・カヴァー〜ユーケー アール・アンド・ビー エッセンシャルズ〜
ユア・ソング,洋楽セレクション/For You〜ユア・ソング〜,EN L'AIR 1/fのゆらぎ〜洋楽スタンダードヒット作品集
17歳の頃,洋楽セレクション/For You〜ユア・ソング〜
素顔のままで,洋楽セレクション/For You〜ユア・ソング〜,カナリー・テレビ・プラス・コマーシャル,ミルク・ボッサ・プレゼンツ・マルセラ
デイ・ドリーム・ビリーバー,洋楽セレクション/For You〜ユア・ソング〜,マイ・フェイバリット・ソングス 〜Dream〜,キッズ・ボッサ ラブ&スマイル
アイル・ビー・ゼア,洋楽セレクション/For You〜ユア・ソング〜,ユア・ソング〜フォーエヴァー
オール・バイ・マイセルフ,洋楽セレクション/For You〜ユア・ソング〜
ビコーズ・アイ・ラブ・ユー,洋楽セレクション/For You〜ユア・ソング〜
クロス・トゥ・ユー,洋楽セレクション/For You〜ユア・ソング〜,スタジオ 150
ラフター・イン・ザ・レイン,洋楽セレクション/For You〜ユア・ソング〜
サムシング,洋楽セレクション/For You〜ユア・ソング〜,ハワイアン・カヴァーズ〜アイランド・フレイヴァー〜,のほほん族とビートルズ〜あたたかな笑顔〜
真夏の果実,This cover 2
YesterdayOnceMore,This cover 2,夕暮れカフェ,LOVERS
SWEETMEMORIES,This cover 2,LOVE〜Seiko Matsuda 20th Anniversary Best Selection〜
TRUELOVE,This cover 2
やさしさに包まれたなら,This cover 2
ChangeTheWorld,This cover 2
DanceWithMe,This cover 2
ルパン三世のテーマ'78(with池田安友子(パーカッション)),This cover 2
TakeFive〜MissionImpossibletheme〜(with池田安友子(パーカッション)、上原周平(ベース)),This cover 2
ハナミズキ,This cover 2
川の流れのように,This cover 2
HealtheWorld,This cover 2
Sunrise,モーニングカフェ,BEST CAFE STYLE -POP LIFE- MIXED BY DJ HAL-
JustCan'tGetEnough,モーニングカフェ
ALover'sConcerto,モーニングカフェ
BothSidesNow,モーニングカフェ
YouAreMySunshine,モーニングカフェ
Don'tStopMeNow,モーニングカフェ
LovelyDay,モーニングカフェ,BEST CAFE STYLE -POP LIFE- MIXED BY DJ HAL-
Don'tLookBackInAnger,モーニングカフェ,BEST CAFE STYLE -POP LIFE- MIXED BY DJ HAL-
RainyDaysAndMondays,モーニングカフェ
SayYouLoveMe,モーニングカフェ
ILoveYourSmile,モーニングカフェ,BEST CAFE STYLE -POP LIFE- MIXED BY DJ HAL-
YouAreTheSunshineOfMyLife,モーニングカフェ,キャラメル・ジャズ 〜フィール・アット・ホーム〜(TSUTAYA先行)
マンマ・ミーア,ストライク!-ベスト・フォー・40s-,アバ・ゴールド
心のラヴ・ソング,ストライク!-ベスト・フォー・40s-
ドゥドゥドゥ・デ・ダダダ,ストライク!-ベスト・フォー・40s-
アイム・スティル・スタンディング,ストライク!-ベスト・フォー・40s-
ラジオ・スターの悲劇,ストライク!-ベスト・フォー・40s-
マイ・シャローナ,ストライク!-ベスト・フォー・40s-
アイ・サレンダー,ストライク!-ベスト・フォー・40s-
ヒート・オブ・ザ・モーメント,ストライク!-ベスト・フォー・40s-
ルック・オブ・ラヴ,ストライク!-ベスト・フォー・40s-
レッツ・ダンス,ストライク!-ベスト・フォー・40s-
愛はかげろうのように,ストライク!-ベスト・フォー・40s-,ユア・ソング〜フォーエヴァー
ベイヴ,ストライク!-ベスト・フォー・40s-
オン・アンド・オン,ストライク!-ベスト・フォー・40s-
ベイビー・カム・バック,ストライク!-ベスト・フォー・40s-
アイム・ノット・イン・ラヴ,ストライク!-ベスト・フォー・40s-,ユア・ソング〜フォーエヴァー
Y.M.C.A.,ストライク!-ベスト・フォー・40s-
モーニング・トレイン(9to5),ストライク!-ベスト・フォー・40s-
エンドレス・ラヴ,ストライク!-ベスト・フォー・40s-
宇宙のファンタジー,ストライク!-ベスト・フォー・40s-
ザッツ・ザ・ウェイ,ストライク!-ベスト・フォー・40s-
ラヴ・マシーン,ストライク!-ベスト・フォー・40s-
セレブレーション,ストライク!-ベスト・フォー・40s-
ストンプ,ストライク!-ベスト・フォー・40s-
愛のコリーダ,ストライク!-ベスト・フォー・40s-
ホット・スタッフ,ストライク!-ベスト・フォー・40s-
ファンキータウン,ストライク!-ベスト・フォー・40s-
ラヴィン・ユー・ベイビー,ストライク!-ベスト・フォー・40s-,ワン
イフ・アイ・キャント・ハヴ・ユー,ストライク!-ベスト・フォー・40s-
恋のサヴァイヴァル,ストライク!-ベスト・フォー・40s-
イン・ザ・ネイヴィー,ストライク!-ベスト・フォー・40s-
コール・ミー,ストライク!-ベスト・フォー・40s-
フラッシュダンス…ホワット・ア・フィーリング,ストライク!-ベスト・フォー・40s-
アップサイド・ダウン,ストライク!-ベスト・フォー・40s-
ナイト・トゥ・リメンバー,ストライク!-ベスト・フォー・40s-
ザ・ブレイクス(おしゃべりカーティス),ストライク!-ベスト・フォー・40s-
タイトなあの娘,ストライク!-ベスト・フォー・40s-
スーパー・フリーク,ストライク!-ベスト・フォー・40s-
ジレンマ・レゲエ(アイ・ラヴ・ネリー),DJ DOGBOY プレゼンツ... レゲエ・シャワー
ドント・ライ・レゲエ,DJ DOGBOY プレゼンツ... レゲエ・シャワー
トップ・オブ・ザ・ワールド・レゲエ,DJ DOGBOY プレゼンツ... レゲエ・シャワー
セクシー・ラヴ・レゲエ,DJ DOGBOY プレゼンツ... レゲエ・シャワー
アンブレラ・レゲエ(アイ・ラヴ・リアーナ),DJ DOGBOY プレゼンツ... レゲエ・シャワー
ワンス・イン・ア・ライフタイム・ラヴ,DJ DOGBOY プレゼンツ... レゲエ・シャワー
シンギング・イン・ザ・シャワー,DJ DOGBOY プレゼンツ... レゲエ・シャワー
サマータイム,DJ DOGBOY プレゼンツ... レゲエ・シャワー,インディゴ:ウーマン・オブ・ソング,エヴリシング・マスト・チェンジ,A CAPPELLA,エヴリシング・マスト・チェンジ(紙ジャケット仕様)(HYB)
カーニヴァル・レゲエ,DJ DOGBOY プレゼンツ... レゲエ・シャワー
サンデイ・モーニング・レゲエ,DJ DOGBOY プレゼンツ... レゲエ・シャワー
ブレイクアウト・レゲエ,DJ DOGBOY プレゼンツ... レゲエ・シャワー
ミス・インディペンデント・レゲエ,DJ DOGBOY プレゼンツ... レゲエ・シャワー
ジャスト・ダンス・レゲエ,DJ DOGBOY プレゼンツ... レゲエ・シャワー
キス・ミー,カナリー・テレビ・プラス・コマーシャル
ジャスト・キャント・ゲット・イナフ,カナリー・テレビ・プラス・コマーシャル
そよ風の誘惑,カナリー・テレビ・プラス・コマーシャル
セイヴ・ザ・ベスト・フォー・ラスト,カナリー・テレビ・プラス・コマーシャル
素直になれなくて,カナリー・テレビ・プラス・コマーシャル
アイドルを探せ,カナリー・テレビ・プラス・コマーシャル
涙色の微笑,カナリー・テレビ・プラス・コマーシャル
Isn'tSheLovely,大人ラウンジ,JAZZIN' CAFE
(TheyLongToBe)CloseToYou,大人ラウンジ,JAZZIN' CAFE,日だまりカフェ,ROUND ABOUT,Our Favorite Pop,ホエア・アム・アイ・ゴーイング,【MAXI】冷たい雨(通常盤)(マキシシングル),Calm Holiday
ISawTheLight,大人ラウンジ
IWillFollowHim,大人ラウンジ
ManInTheMirror,大人ラウンジ
YouAreNotAlone,大人ラウンジ
Can'tGetYouOutaMyHead,大人ラウンジ
SendOneYourLove,大人ラウンジ
SometimesYouCan'tMakeItOnYourOwn,大人ラウンジ
HumanNature,大人ラウンジ
Foryourlove,大人ラウンジ
Don'tYouWorry‘boutAThing,大人ラウンジ
Overjoyed,大人ラウンジ,キャラメル・ジャズ 〜フィール・アット・ホーム〜(TSUTAYA先行)
DancingQueen(Blu-SwingRe-ProduceVer.),大人ラウンジ
Lovin'You,大人ラウンジ,JAZZIN' CAFE,RESORT WEDDING STYLE
IWasBornToLoveYou,SOUND GARDEN〜Electric Piano Covers,JAZZIN' CAFE,キャラメル・ジャズ 〜フィール・アット・ホーム〜(TSUTAYA先行)
PutYourRecordsOnfeat.Nona*,SOUND GARDEN〜Electric Piano Covers
ADreamGoesOnForeverfeat.AkikoMorishita,SOUND GARDEN〜Electric Piano Covers
MercyMercyMe(TheEcology)feat.RyotaMitsunaga,SOUND GARDEN〜Electric Piano Covers
Perfect,SOUND GARDEN〜Electric Piano Covers
NowYou'reNotHere,SOUND GARDEN〜Electric Piano Covers
Don'tAskfeat.Nona*,SOUND GARDEN〜Electric Piano Covers
OneMoreTime,SOUND GARDEN〜Electric Piano Covers
IDon'tWantToMissAThingfeat.JunpeiShiina,SOUND GARDEN〜Electric Piano Covers
INeedToBeInLovefeat.MinaGanaha,SOUND GARDEN〜Electric Piano Covers
You'reBeautiful,SOUND GARDEN〜Electric Piano Covers,RESORT WEDDING STYLE
Womanfeat.Nona*,SOUND GARDEN〜Electric Piano Covers
INeedToBeInLove,カフェテラス,CM INZA HOUSE STYLE
TopOfTheWorld,カフェテラス,大人ボッサ,休日カフェ,BEST CAFE STYLE -POP LIFE- MIXED BY DJ HAL-,キャラメル・ジャズ 〜フィール・アット・ホーム〜(TSUTAYA先行)
Smile,カフェテラス,マイ・フェイバリット・ソングス 〜 Love,マイ・フェイバリット・ソングス 〜Dream〜
L-O-V-E,カフェテラス
OverTheRainbow,カフェテラス
MyFavoriteThings,カフェテラス
BeautyAndTheBeast,カフェテラス
WhenYouWishUponAStar,カフェテラス
Sukiyaki,カフェテラス,大人ボッサ
MoonRiver,カフェテラス
FlyMeToTheMoon,カフェテラス
BabyBaby,カフェテラス,BEST CAFE STYLE -POP LIFE- MIXED BY DJ HAL-
クロース・トゥ・ユー(遙かなる影),バート・バカラック・プレゼンツ・スウィート・メロディーズ
マジック・モーメンツ,バート・バカラック・プレゼンツ・スウィート・メロディーズ
ストーリー・オブ・マイ・ライフ,バート・バカラック・プレゼンツ・スウィート・メロディーズ
プリーズ・ステイ,バート・バカラック・プレゼンツ・スウィート・メロディーズ
何かいいことないか仔猫チャン?,バート・バカラック・プレゼンツ・スウィート・メロディーズ
タワー・オブ・ストレングス,バート・バカラック・プレゼンツ・スウィート・メロディーズ
リバティ・バランスを撃った男,バート・バカラック・プレゼンツ・スウィート・メロディーズ
恋よ、さようなら,バート・バカラック・プレゼンツ・スウィート・メロディーズ,遥かなる影〜カーペンターズ・コネクション
ニッキ,バート・バカラック・プレゼンツ・スウィート・メロディーズ
恋するメキシカン,バート・バカラック・プレゼンツ・スウィート・メロディーズ
フォーガットゥン・マン,バート・バカラック・プレゼンツ・スウィート・メロディーズ
ブルー・オン・ブルー,バート・バカラック・プレゼンツ・スウィート・メロディーズ
ディス・エンプティ・プレイス,バート・バカラック・プレゼンツ・スウィート・メロディーズ
レット・ザ・ミュージック・プレイ,バート・バカラック・プレゼンツ・スウィート・メロディーズ
恋するハート,バート・バカラック・プレゼンツ・スウィート・メロディーズ,インディゴ:ウーマン・オブ・ソング
ア・ハウス・イズ・ノット・ア・ホーム,バート・バカラック・プレゼンツ・スウィート・メロディーズ,メイク・ウェイ・フォー・ディオンヌ・ワーウィック(来日記念紙ジャケット・コレクシ 
ユール・ネヴァー・ゲット・トゥ・ヘヴン,バート・バカラック・プレゼンツ・スウィート・メロディーズ
愛の痛手,バート・バカラック・プレゼンツ・スウィート・メロディーズ
エニィ・デイ・ナウ,バート・バカラック・プレゼンツ・スウィート・メロディーズ
カジノ・ロワイヤル,バート・バカラック・プレゼンツ・スウィート・メロディーズ
恋の面影,バート・バカラック・プレゼンツ・スウィート・メロディーズ
私を悲しませないで,バート・バカラック・プレゼンツ・スウィート・メロディーズ
恋のウェイト・リフティング,バート・バカラック・プレゼンツ・スウィート・メロディーズ
世界は愛を求めている,バート・バカラック・プレゼンツ・スウィート・メロディーズ
リーチ・アウト,バート・バカラック・プレゼンツ・スウィート・メロディーズ
素晴らしき恋人たち,バート・バカラック・プレゼンツ・スウィート・メロディーズ
タルサから24時間,バート・バカラック・プレゼンツ・スウィート・メロディーズ
涙でさようなら,バート・バカラック・プレゼンツ・スウィート・メロディーズ,遥かなる影〜カーペンターズ・コネクション
ドント・メイク・ミー・オーヴァー,バート・バカラック・プレゼンツ・スウィート・メロディーズ
汽車と船と飛行機,バート・バカラック・プレゼンツ・スウィート・メロディーズ
ビー・トゥルー・トゥ・ユアセルフ,バート・バカラック・プレゼンツ・スウィート・メロディーズ
メイド・イン・パリス,バート・バカラック・プレゼンツ・スウィート・メロディーズ
アルフィー,バート・バカラック・プレゼンツ・スウィート・メロディーズ,インディゴ:ウーマン・オブ・ソング,ユア・ソング〜フォーエヴァー,トレンディ・ラヴァーズ
ウィッシン・アンド・ホーピン,バート・バカラック・プレゼンツ・スウィート・メロディーズ
ジス・ガール,バート・バカラック・プレゼンツ・スウィート・メロディーズ
リヴィング・トゥゲザー、グロウイング・トゥゲザー,バート・バカラック・プレゼンツ・スウィート・メロディーズ
オッズ・アンド・エンズ,バート・バカラック・プレゼンツ・スウィート・メロディーズ
アイ・ウェイク・アップ・クライング,バート・バカラック・プレゼンツ・スウィート・メロディーズ
愛のおとずれ,バート・バカラック・プレゼンツ・スウィート・メロディーズ
イッツ・ラヴ,バート・バカラック・プレゼンツ・スウィート・メロディーズ
ニューヨーク・シティ・セレナーデ,バート・バカラック・プレゼンツ・スウィート・メロディーズ
世界の窓と窓,バート・バカラック・プレゼンツ・スウィート・メロディーズ
愛のハーモニー,バート・バカラック・プレゼンツ・スウィート・メロディーズ
ゴット・ギヴ・ミー・ストレングス,バート・バカラック・プレゼンツ・スウィート・メロディーズ
ヒューマン・ネイチャー,ア・ガール・ミーツ・ボサノヴァ〜ブルー・ムーン,ミルク・ボッサ・プレゼンツ・マルセラ,マイケル・イン・ボッサ
愛はきらめきの中に,ア・ガール・ミーツ・ボサノヴァ〜ブルー・ムーン
瞳のささやき,ア・ガール・ミーツ・ボサノヴァ〜ブルー・ムーン,トレンディ・ラヴァーズ
ムーン・リバー,ア・ガール・ミーツ・ボサノヴァ〜ブルー・ムーン,ポピュラー30年史 ユウ・アー・マイ・サンシャインからマイ・ウェイまで
アウト・オブ・ザ・ブルー,ア・ガール・ミーツ・ボサノヴァ〜ブルー・ムーン
見上げてごらん、夜の星を(英語カヴァー),ア・ガール・ミーツ・ボサノヴァ〜ブルー・ムーン
ドリーミング・オブ・ユー,ア・ガール・ミーツ・ボサノヴァ〜ブルー・ムーン
オンリー・ラブ,ア・ガール・ミーツ・ボサノヴァ〜ブルー・ムーン
ハナミズキ(英語カヴァー),ア・ガール・ミーツ・ボサノヴァ〜ブルー・ムーン
ユー・アンド・ミー・ソング,ア・ガール・ミーツ・ボサノヴァ〜ブルー・ムーン
バイ・ユアサイド,ア・ガール・ミーツ・ボサノヴァ〜ブルー・ムーン
ソリティア,ア・ガール・ミーツ・ボサノヴァ〜ブルー・ムーン
ブローク・マイ・ハート,ア・ガール・ミーツ・ボサノヴァ〜ブルー・ムーン
ビリーヴ,ア・ガール・ミーツ・ボサノヴァ〜ブルー・ムーン
お馬鹿さん,インディゴ:ウーマン・オブ・ソング
情欲の悪魔,インディゴ:ウーマン・オブ・ソング
クライ・ミー・ア・リヴァー,インディゴ:ウーマン・オブ・ソング
花はどこへ行った,インディゴ:ウーマン・オブ・ソング,ポピュラー30年史 ユウ・アー・マイ・サンシャインからマイ・ウェイまで
愛しているのに,インディゴ:ウーマン・オブ・ソング
ラヴィン・ユー,インディゴ:ウーマン・オブ・ソング,ミルク・ボッサ・プレゼンツ・マルセラ,EN L'AIR 1/fのゆらぎ〜洋楽スタンダードヒット作品集
雨の日と月曜日には,インディゴ:ウーマン・オブ・ソング
悲しみのクラウン,インディゴ:ウーマン・オブ・ソング
ノルウェーの森(ノーウェジアン・ウッド)(小説「ノルウェイの森」文中登場曲),森ピアノ
デサフィナード(ボサ・ノヴァ)(小説「ノルウェイの森」文中登場曲),森ピアノ
カンパニュラ(テレビドラマ『風のガーデン』メインテーマ曲),森ピアノ
亡き王女のためのパヴァーヌ(クラシック)(小説「ノルウェイの森」文中登場曲),森ピアノ
カムフラージュ(テレビドラマ『眠れる森』主題歌),森ピアノ
Arrietty'sSong(スタジオジブリ映画『借りぐらしのアリエッティ』テーマ曲),森ピアノ
StandAlone(テレビドラマ『坂の上の雲』テーマ曲),森ピアノ
ミッシェル(小説「ノルウェイの森」文中登場曲),森ピアノ
ディア・ハート(小説「ノルウェイの森」文中登場曲),森ピアノ
遙かなる影(小説「ノルウェイの森」文中登場曲),森ピアノ
スカボロー・フェア(小説「ノルウェイの森」文中登場曲),森ピアノ
garden,森ピアノ
全き愛(賛美歌21-102番),森ピアノ
It'sYou,夕暮れカフェ
ADreamGoesOnForever,夕暮れカフェ
Cruisin',夕暮れカフェ
Don'tKnowWhy,夕暮れカフェ
KissOfLife,夕暮れカフェ,BEST CAFE STYLE -POP LIFE- MIXED BY DJ HAL-,RESORT WEDDING STYLE
Sailing,夕暮れカフェ,BEST CAFE STYLE -POP LIFE- MIXED BY DJ HAL-
True,夕暮れカフェ
ByYourSide,夕暮れカフェ
SingALoveSongForMe,夕暮れカフェ
BeautifulLove,夕暮れカフェ,BEST CAFE STYLE -POP LIFE- MIXED BY DJ HAL-
ビザール・ラヴ・トライアングル,ハワイアン・カヴァーズ〜アイランド・フレイヴァー〜
フォー・ザ・ファースト・タイム,ハワイアン・カヴァーズ〜アイランド・フレイヴァー〜
アイム・ユアーズ,ハワイアン・カヴァーズ〜アイランド・フレイヴァー〜
べッチャ・バイ・ゴーリー・ワウ,ハワイアン・カヴァーズ〜アイランド・フレイヴァー〜
ドント・ノウ・ホワイ,ハワイアン・カヴァーズ〜アイランド・フレイヴァー〜,ソングズ・オブ・アワ・タイム
愛にさよならを(グッバイ・トゥ・ラヴ),ハワイアン・カヴァーズ〜アイランド・フレイヴァー〜
ラヴィン、タッチン、スクウィージン,ハワイアン・カヴァーズ〜アイランド・フレイヴァー〜
オール・デイ・ミュージック,ハワイアン・カヴァーズ〜アイランド・フレイヴァー〜
ゴーイング・トゥ・カリフォルニア,ハワイアン・カヴァーズ〜アイランド・フレイヴァー〜
グッド・タイムズ,ハワイアン・カヴァーズ〜アイランド・フレイヴァー〜
涙の別れ道,ハワイアン・カヴァーズ〜アイランド・フレイヴァー〜
エヴァーグリーン,ハワイアン・カヴァーズ〜アイランド・フレイヴァー〜
アイ・キャント・メイク・ユー・ラヴ・ミー,ハワイアン・カヴァーズ〜アイランド・フレイヴァー〜
涙そうそう,ハワイアン・カヴァーズ〜アイランド・フレイヴァー〜
IfIAin'tGotYou,大人ボッサ,RESORT WEDDING STYLE
FeelLikeMakin'Love,大人ボッサ,Our Favorite Pop
Can'tGiveYouAnything(ButLove),大人ボッサ
YouCan'tHurryLove,大人ボッサ,キャラメル・ジャズ 〜フィール・アット・ホーム〜(TSUTAYA先行),CM INZA HOUSE STYLE
SundayMorning,大人ボッサ,休日カフェ,BEST CAFE STYLE -POP LIFE- MIXED BY DJ HAL-,RESORT WEDDING STYLE
Breakout,大人ボッサ
VivaLaVida,大人ボッサ
Whatever,大人ボッサ
NeverCanSayGoodbye,大人ボッサ,BEST CAFE STYLE -POP LIFE- MIXED BY DJ HAL-,キャラメル・ジャズ 〜フィール・アット・ホーム〜(TSUTAYA先行)
Heartbeat,大人ボッサ,BEST CAFE STYLE -POP LIFE- MIXED BY DJ HAL-
HealTheWorld,大人ボッサ
TearsInHeaven,大人ボッサ,BEST CAFE STYLE -POP LIFE- MIXED BY DJ HAL-,LOVERS
GotToBeReal,大人ボッサ
SmoothOperator,JAZZIN' CAFE
LaIslaBonita,JAZZIN' CAFE
EnglishmanInNewYork,JAZZIN' CAFE,BEST CAFE STYLE -POP LIFE- MIXED BY DJ HAL-
VirtualInsanity,JAZZIN' CAFE
ShyGuy,JAZZIN' CAFE
Carnival,JAZZIN' CAFE,日だまりカフェ,マイ・フェイバリット・ソングス 〜Dream〜,LOVERS
BoogieWonderland,JAZZIN' CAFE
Miracles,JAZZIN' CAFE
BecauseOfYou,JAZZIN' CAFE
RollingInTheDeep,JAZZIN' CAFE
WithoutYou,JAZZIN' CAFE
Honesty,JAZZIN' CAFE
YouGottaBe,JAZZIN' CAFE
Can'tTakeMyEyesOffOfYou,JAZZIN' CAFE,Calm Holiday,CM INZA HOUSE STYLE
哀愁のマンディ,ミルク・ボッサ・プレゼンツ・マルセラ
セプテンバー,ミルク・ボッサ・プレゼンツ・マルセラ
ライク・ア・ヴァージン,ミルク・ボッサ・プレゼンツ・マルセラ
テイク・オン・ミー,ミルク・ボッサ・プレゼンツ・マルセラ,ワン
ヒア・カムズ・ザ・サン,ミルク・ボッサ・プレゼンツ・マルセラ
ゴールデン・ブラウン,ミルク・ボッサ・プレゼンツ・マルセラ
サイケデリック・アフタヌーン,ミルク・ボッサ・プレゼンツ・マルセラ
ウィズ・オア・ウィズアウト・ユー,ミルク・ボッサ・プレゼンツ・マルセラ
エウ・ケロ・マイス・エ・ヴォウタール(スペシャル・トラック),ミルク・ボッサ・プレゼンツ・マルセラ
ドント・ストップ・ビリーヴィン,ミルク・ボッサ・プレゼンツ・マルセラ 2
帰ってほしいの,ミルク・ボッサ・プレゼンツ・マルセラ 2
フィール・ライク・メイキン・ラヴ,ミルク・ボッサ・プレゼンツ・マルセラ 2
フラッシュダンス...ホワット・ア・フィーリング,ミルク・ボッサ・プレゼンツ・マルセラ 2
クリスタルの恋人たち,ミルク・ボッサ・プレゼンツ・マルセラ 2
フリー,ミルク・ボッサ・プレゼンツ・マルセラ 2
ナッシング・ライク・ディス,ミルク・ボッサ・プレゼンツ・マルセラ 2
ステイン・アライヴ(サタデー・ナイト・フィーバー),ミルク・ボッサ・プレゼンツ・マルセラ 2
風のシルエット,ミルク・ボッサ・プレゼンツ・マルセラ 2
ネヴァー・エンディング・ストーリー,ミルク・ボッサ・プレゼンツ・マルセラ 2
ロック・ウィズ・ユー,ミルク・ボッサ・プレゼンツ・マルセラ 2,マイケル・イン・ボッサ
スターティング・オーヴァー(TBSテレビ系「いちばん大切なひと」主題歌),アイ ラブ ドラマ
アメイジング・グレイス(フジテレビ系「白い巨塔」主題歌),アイ ラブ ドラマ
スマイル(フジテレビ系「空から降る一億の星」主題歌),アイ ラブ ドラマ
SOS(TBSテレビ系「ストロベリー・オンザ・ショートケーキ」エンディングテーマ),アイ ラブ ドラマ
シュガー・ベイビー・ラヴ(フジテレビ系「WATERBOYS」主題歌),アイ ラブ ドラマ
イフ・ウィ・ホールド・オン・トゥゲザー(TBSテレビ系「想い出にかわるまで」主題歌),アイ ラブ ドラマ
ラジオ・スターの悲劇(フジテレビ系「東京ラブ・シネマ」挿入歌),アイ ラブ ドラマ
夢のカリフォルニア(TBSテレビ系「夢のカリフォルニア」イメージテーマ),アイ ラブ ドラマ
チキチータ(TBSテレビ系「ストロベリー・オンザ・ショートケーキ」オープニングテーマ),アイ ラブ ドラマ
グッバイ・イエロー・ブリック・ロード(フジテレビ系「太陽は沈まない」主題歌),アイ ラブ ドラマ
あなたにいてほしい(TBSテレビ系「真昼の月」主題歌),アイ ラブ ドラマ
アルフィー(TBSテレビ系「協奏曲」主題歌),アイ ラブ ドラマ
ジョイ・トゥ・ザ・ワールド(フジテレビ系「ランチの女王」主題歌),アイ ラブ ドラマ
ホエン(TBSテレビ系「チープ・ラヴ」主題歌),アイ ラブ ドラマ
オンリー・ラヴ(TBSテレビ系「百年の物語」主題歌),アイ ラブ ドラマ
サマー・スノウ(TBSテレビ系「SUMMERSNOW」主題歌),アイ ラブ ドラマ
無造作紳士(TBSテレビ系「美しい人」主題歌),アイ ラブ ドラマ
ウィル・ユー・ダンス(TBSテレビ系「岸辺のアルバム」主題歌),アイ ラブ ドラマ
レインボウ・コネクション(TBSテレビ系「恋がしたい恋がしたい恋がしたい」主題歌),アイ ラブ ドラマ
SugarBabyLove,休日カフェ,Single Collection
TheLoco-Motion,休日カフェ
ABC,休日カフェ,BEST CAFE STYLE -POP LIFE- MIXED BY DJ HAL-
BigYellowTaxi,休日カフェ,マイ・フェイバリット・ソングス 〜Dream〜,BEST CAFE STYLE -POP LIFE- MIXED BY DJ HAL-
BabyLove,休日カフェ
TheTideIsHigh,休日カフェ
GodOnlyKnows,休日カフェ
DaydreamBeliever,休日カフェ,キャラメル・ジャズ 〜フィール・アット・ホーム〜(TSUTAYA先行)
Freedom,休日カフェ
IOnlyWantToBeWithYou,休日カフェ
Woman,日だまりカフェ
HaveYouNeverBeenMellow,日だまりカフェ
JustTheWayYouAre,日だまりカフェ,Calm Holiday,RESORT WEDDING STYLE
LesChamps-Elysees,日だまりカフェ
KissMe,日だまりカフェ,BEST CAFE STYLE -POP LIFE- MIXED BY DJ HAL-
RaindropsKeepFallin'OnMyHead,日だまりカフェ
AllYouNeedIsLove,日だまりカフェ,BEST CAFE STYLE -POP LIFE- MIXED BY DJ HAL-
EveryBreathYouTake,日だまりカフェ,マイ・フェイバリット・ソングス 〜 Love,BEST CAFE STYLE -POP LIFE- MIXED BY DJ HAL-
September,日だまりカフェ
Can'tTakeMyEyesOffYou,日だまりカフェ
太陽のあたる場所,ユア・ソング〜フォーエヴァー,R40'S SURE THINGS!! 本命洋楽カバー集〜イエスタディ・ワンス・モア
SHE,ユア・ソング〜フォーエヴァー
ペイシェンス,ユア・ソング〜フォーエヴァー
エヴァーラスティング・ラヴ,ユア・ソング〜フォーエヴァー
ザ・リーズン,ユア・ソング〜フォーエヴァー,ワン
サウザンド・マイルズ,ユア・ソング〜フォーエヴァー,ワン
ベッドシェイプト,ユア・ソング〜フォーエヴァー
シーズ・オブ・ラヴ,ユア・ソング〜フォーエヴァー
二人の絆,ユア・ソング〜フォーエヴァー
ザ・ウェイ・イット・イズ,ユア・ソング〜フォーエヴァー
セイム・ガール,ユア・ソング〜フォーエヴァー
スティル・ア・フレンド・オブ・マイン,ユア・ソング〜フォーエヴァー
アイ・ドゥ,ユア・ソング〜フォーエヴァー
ネヴァー・ビー・ロンリー,ユア・ソング〜フォーエヴァー
ヘッドスタート・フォー・ハッピネス,ユア・ソング〜フォーエヴァー
YOURSONG(僕の歌は君の歌),ユア・ソング〜フォーエヴァー
マホガニーのテーマ,ユア・ソング〜フォーエヴァー
ウェイト・フォー・ミー,ユア・ソング〜フォーエヴァー
チェリッシュ,ユア・ソング〜フォーエヴァー
99,ユア・ソング〜フォーエヴァー
メイク・ラヴ・トゥ・ユー,ユア・ソング〜フォーエヴァー
レッツ・ゲット・イット・オン,ユア・ソング〜フォーエヴァー
インコンプリート,ユア・ソング〜フォーエヴァー
ユア・オンリー・ロンリー,ユア・ソング〜フォーエヴァー
オール・マイ・ライフ,ユア・ソング〜フォーエヴァー
ストロング・イナーフ,ユア・ソング〜フォーエヴァー
スプーキー,ユア・ソング〜フォーエヴァー
トムズ・ダイナー,ユア・ソング〜フォーエヴァー
ユー・アー・ソー・ビューティフル,ユア・ソング〜フォーエヴァー
モア・ザン・ワーズ,ユア・ソング〜フォーエヴァー
チキチータ,EN L'AIR 1/fのゆらぎ〜洋楽スタンダードヒット作品集,アバ・ゴールド(グレイテスト ヒッツ),アバ・ゴールド,トレンディ・ラヴァーズ
明日に架ける橋,EN L'AIR 1/fのゆらぎ〜洋楽スタンダードヒット作品集,yours;Gift,ポピュラー30年史 ユウ・アー・マイ・サンシャインからマイ・ウェイまで
小さな恋のメロディ,EN L'AIR 1/fのゆらぎ〜洋楽スタンダードヒット作品集,キッズ・ボッサ ラブ&スマイル
ウィー・アー・オール・アローン,EN L'AIR 1/fのゆらぎ〜洋楽スタンダードヒット作品集
オネスティ,EN L'AIR 1/fのゆらぎ〜洋楽スタンダードヒット作品集
アローン・アゲイン,EN L'AIR 1/fのゆらぎ〜洋楽スタンダードヒット作品集
追憶,EN L'AIR 1/fのゆらぎ〜洋楽スタンダードヒット作品集
やさしく歌って,EN L'AIR 1/fのゆらぎ〜洋楽スタンダードヒット作品集
この胸のときめきを,EN L'AIR 1/fのゆらぎ〜洋楽スタンダードヒット作品集
ストップ・イン・ザ・ネイム・オブ・ラブ,EN L'AIR 1/fのゆらぎ〜洋楽スタンダードヒット作品集
この素晴らしき世界,EN L'AIR 1/fのゆらぎ〜洋楽スタンダードヒット作品集
マイ・ウェイ,EN L'AIR 1/fのゆらぎ〜洋楽スタンダードヒット作品集,ポピュラー30年史 ユウ・アー・マイ・サンシャインからマイ・ウェイまで
男が女を愛する時,EN L'AIR 1/fのゆらぎ〜洋楽スタンダードヒット作品集
君の瞳に恋してる(RunningBeauty-40min-),音サプリシリーズ Running Beauty
ラッキー・ラヴ(RunningBeauty-40min-),音サプリシリーズ Running Beauty
シェイプ・オブ・マイ・ハート(RunningBeauty-40min-),音サプリシリーズ Running Beauty
スケーター・ボーイ(RunningBeauty-40min-),音サプリシリーズ Running Beauty
マテリアル・ガール(RunningBeauty-40min-),音サプリシリーズ Running Beauty
キャンド・ヒート(RunningBeauty-40min-),音サプリシリーズ Running Beauty
ロング・トレイン・ランニン(RunningBeauty-40min-),音サプリシリーズ Running Beauty
リライト・マイ・ファイアー(RunningBeauty-40min-),音サプリシリーズ Running Beauty
フリー・ラブ(RunningBeauty-40min-),音サプリシリーズ Running Beauty
エニー・ラブ(RunningBeauty-40min-),音サプリシリーズ Running Beauty
ザ・ボス(RunningBeauty-40min-),音サプリシリーズ Running Beauty
素顔のままで(RunningBeauty-40min-),音サプリシリーズ Running Beauty
クレイジー(RunningBeauty-20min-),音サプリシリーズ Running Beauty
トップ・オブ・ザ・ワールド(RunningBeauty-20min-),音サプリシリーズ Running Beauty
恋はあせらず(RunningBeauty-20min-),音サプリシリーズ Running Beauty
エンジェル(RunningBeauty-20min-),音サプリシリーズ Running Beauty
ライフ(RunningBeauty-20min-),音サプリシリーズ Running Beauty
ディス・ラブ(RunningBeauty-20min-),音サプリシリーズ Running Beauty
トーン(RunningBeauty-20min-),音サプリシリーズ Running Beauty
SUPERSTAR,マイ・フェイバリット・ソングス 〜 Love,SONG FOR YOU
YourSong,マイ・フェイバリット・ソングス 〜 Love
LIKEAVIRGIN,マイ・フェイバリット・ソングス 〜 Love
HardToSayI'mSorry,マイ・フェイバリット・ソングス 〜 Love
PURPLERAIN,マイ・フェイバリット・ソングス 〜 Love
TOPOFTHEWORLD,マイ・フェイバリット・ソングス 〜 Love,touch Me!(通常盤),SONG FOR YOU
SAVINGALLMYLOVEFORYOU,マイ・フェイバリット・ソングス 〜 Love
ForeverMan,マイ・フェイバリット・ソングス 〜 Love
YOUCAN'THURRYLOVE,マイ・フェイバリット・ソングス 〜 Love
Ineedtobeinlove〜青春の輝き,マイ・フェイバリット・ソングス 〜 Love
サン・トワ・マ・ミー,マイ・フェイバリット・ソングス 〜 Love
JUSTTHETWOOFUS,マイ・フェイバリット・ソングス 〜 Love
I'MNOTINLOVE,マイ・フェイバリット・ソングス 〜 Love
iwon'tlastadaywithoutyou,マイ・フェイバリット・ソングス 〜Dream〜,唄ひ手冥利〜其ノ壱〜
Myfavoritethings,マイ・フェイバリット・ソングス 〜Dream〜
Thefoolonthehill,マイ・フェイバリット・ソングス 〜Dream〜
きみの友だち<You'veGotAFriend>,マイ・フェイバリット・ソングス 〜Dream〜
ワンダフル・ワールド,マイ・フェイバリット・ソングス 〜Dream〜
Ifweholdontogether,マイ・フェイバリット・ソングス 〜Dream〜
MoonlightSerenade,マイ・フェイバリット・ソングス 〜Dream〜
NothingCompares2U,マイ・フェイバリット・ソングス 〜Dream〜
Don'tWorry,BeHappy,マイ・フェイバリット・ソングス 〜Dream〜
Openmyeyes,マイ・フェイバリット・ソングス 〜Dream〜
FlyMeToTheMoon<InOtherWords>(2007MIX),マイ・フェイバリット・ソングス 〜Dream〜
イッツ・マイ・ライフ,ワン
ヴァーティゴ,ワン
イッツ・ライク・ザット,ワン
ジャンプ,ワン
パンプ・イット,ワン
ホワット・ユー・ウェイティング・フォー?,ワン
ファイト・フォー・ユア・ライト,ワン
マイ・ジェネレーション,ワン
スモーク・オン・ザ・ウォーター,ワン
サムバディ・トールド・ミー,ワン
ハッシュ・パイプ,ワン
ギミー!ギミー!ギミー!,ワン,アバ・ゴールド(グレイテスト ヒッツ),アバ・ゴールド
マイ・バンド,ワン
ドンチャッ!feat.バスタ・ライムス,ワン
ブレスレス,ワン
ドント・ゲット・ミー・ロング,ワン
ココモ,ワン
ホワッツ・アップ,ワン
イエスタディ・ワンス・モア,ワン,R40'S SURE THINGS!! 本命洋楽カバー集〜イエスタディ・ワンス・モア
ティアーズ・イン・ヘヴン,ワン
イングリッシュマン・イン・ニューヨーク,ワン
サタデイ・イン・ザ・パーク,ワン
ホワット・ア・フール・ビリーヴス,ワン
ラズベリー・ベレー,ワン
ソーク・アップ・ザ・サン,ワン
ハンズ・クリーン,ワン
チェイシング・カーズ,ワン
シャウト・トゥ・ザ・トップ,ワン
ロザーナ,ワン
永遠に愛されて〜パール・ハーバー愛のテーマ,ワン
見つめて欲しい,ワン
ユア・ソング(僕の歌は君の歌),ワン
スマイル,ワン,モナ・リサ〜トリビュート・トゥ・ナット・キング・コール〜
グッバイ・トゥ・イエスタディ,ワン
Arcoiris〜虹〜(BonusTrack),青春の輝き〜上松美香 PLAYS カーペンターズ(通常盤)
AtYourBest,BEST CAFE STYLE -POP LIFE- MIXED BY DJ HAL-
AThousandMiles,BEST CAFE STYLE -POP LIFE- MIXED BY DJ HAL-
EternalFlame,BEST CAFE STYLE -POP LIFE- MIXED BY DJ HAL-
HowCrazyAreYou,BEST CAFE STYLE -POP LIFE- MIXED BY DJ HAL-
Don'tGetMeWrong,BEST CAFE STYLE -POP LIFE- MIXED BY DJ HAL-,Calm Holiday
BeMyBaby,BEST CAFE STYLE -POP LIFE- MIXED BY DJ HAL-
AndIGaveMyLoveToYou,BEST CAFE STYLE -POP LIFE- MIXED BY DJ HAL-
I'mKissingYou,BEST CAFE STYLE -POP LIFE- MIXED BY DJ HAL-
ShapeOfMyHeart,BEST CAFE STYLE -POP LIFE- MIXED BY DJ HAL-
AllDressedInLove,BEST CAFE STYLE -POP LIFE- MIXED BY DJ HAL-
HowDeepIsYourLove,BEST CAFE STYLE -POP LIFE- MIXED BY DJ HAL-
遥かなる影(MONO),遥かなる影〜カーペンターズ・コネクション
ハーティング・イーチ・アザー(MONO),遥かなる影〜カーペンターズ・コネクション
プリーズ・ミスター・ポストマン(MONO),遥かなる影〜カーペンターズ・コネクション
ジャンバラヤ(MONO),遥かなる影〜カーペンターズ・コネクション
見つめあう恋(MONO),遥かなる影〜カーペンターズ・コネクション,ゼアズ・ア・カインド・オブ・ハッシュ +19
ソング・フォー・ユー,遥かなる影〜カーペンターズ・コネクション,レオン・ラッセル,アンフォゲッタブル
アワ・デイ・ウィル・カム(燃える初恋),遥かなる影〜カーペンターズ・コネクション
アイ・キャン・ドリーム(MONO),遥かなる影〜カーペンターズ・コネクション
リトル・ホンダ,遥かなる影〜カーペンターズ・コネクション
リーダー・オブ・ザ・パック(MONO),遥かなる影〜カーペンターズ・コネクション
ブック・オブ・ラヴ(MONO),遥かなる影〜カーペンターズ・コネクション
ジョニー・B・グッド(MONO),遥かなる影〜カーペンターズ・コネクション
愛のプレリュード(MONO),遥かなる影〜カーペンターズ・コネクション
去りし時を知って,遥かなる影〜カーペンターズ・コネクション
クランシーは歌わない(歌うのをやめた私),遥かなる影〜カーペンターズ・コネクション
レインボウ・コネクション(MONO),遥かなる影〜カーペンターズ・コネクション
TakeOnMe,ROCK(通常盤)
GirlsJustWantToHaveFun,ROCK(通常盤),CM INZA HOUSE STYLE
FUNKYTOWN,ROCK(通常盤)
TwoOfHearts,ROCK(通常盤)
HeartOfGlass,ROCK(通常盤)
CrazyLittleThingCalledLove,ROCK(通常盤)
SUNDAYMORNING,ROCK(通常盤)
YouReallyGotMe,ROCK(通常盤)
FightForYourRightToParty,ROCK(通常盤)
SWEETDREAMS(AREMADEOFTHIS),ROCK(通常盤)
MYGENERATION,ROCK(通常盤)
RAINYDAYSANDMONDAYS,ROCK(通常盤),MARIKO Sings Karen Carpenter -井手麻理子 カレン・カーペンターを歌う-
ノウイング・ミー,ノウイング・ユ-,アバ・ゴールド(グレイテスト ヒッツ)
テイク・ア・チャンス,アバ・ゴールド(グレイテスト ヒッツ),アバ・ゴールド
ママ・ミア,アバ・ゴールド(グレイテスト ヒッツ)
レイ・オール・ユア・ラヴ・オン・ミー,アバ・ゴールド(グレイテスト ヒッツ),アバ・ゴールド
スーパー・トゥルーパー,アバ・ゴールド(グレイテスト ヒッツ),アバ・ゴールド
アイ・ハヴ・ア・ドリーム,アバ・ゴールド(グレイテスト ヒッツ),アバ・ゴールド
ザ・ウィナー,アバ・ゴールド(グレイテスト ヒッツ),アバ・ゴールド
マネー,マネー,マネー,アバ・ゴールド(グレイテスト ヒッツ)
エス・オー・エス,アバ・ゴールド(グレイテスト ヒッツ)
悲しきフェルナルド,アバ・ゴールド(グレイテスト ヒッツ)
ヴーレ・ヴー,アバ・ゴールド(グレイテスト ヒッツ),アバ・ゴールド
ダズ・ユア・マザー・ノウ,アバ・ゴールド(グレイテスト ヒッツ),アバ・ゴールド
ワン・オブ・アス,アバ・ゴールド(グレイテスト ヒッツ),アバ・ゴールド
きらめきの序曲,アバ・ゴールド(グレイテスト ヒッツ),アバ・ゴールド
サンキュー・フォー・ザ・ミュージック,アバ・ゴールド(グレイテスト ヒッツ),アバ・ゴールド
アヴェマリア,まどろみたいむ〜手まわしオルゴール〜
トロイメライ,まどろみたいむ〜手まわしオルゴール〜
虹の彼方に,まどろみたいむ〜手まわしオルゴール〜,吹奏楽ベスト100【Disc.1&Disc.2】
いつか王子様が,まどろみたいむ〜手まわしオルゴール〜
赤とんぼ,まどろみたいむ〜手まわしオルゴール〜
七つの子,まどろみたいむ〜手まわしオルゴール〜
北の国から-遙かなる大地より-,まどろみたいむ〜手まわしオルゴール〜
グリーンスリーブス,まどろみたいむ〜手まわしオルゴール〜
好きにならずにいられない,まどろみたいむ〜手まわしオルゴール〜
愛の讃歌,まどろみたいむ〜手まわしオルゴール〜
禁じられた遊び,まどろみたいむ〜手まわしオルゴール〜
シューベルトの子守歌,まどろみたいむ〜手まわしオルゴール〜
きらきら星,まどろみたいむ〜手まわしオルゴール〜
ゆりかごのうた,まどろみたいむ〜手まわしオルゴール〜
春の海,まどろみたいむ〜手まわしオルゴール〜
さとうきび畑,まどろみたいむ〜手まわしオルゴール〜
パッヘルベルのカノン,まどろみたいむ〜手まわしオルゴール〜
DearKaren〜Englishversion〜,Rie fu Sings the Carpenters
Sing,Rie fu Sings the Carpenters
ForAllWeKnow,Rie fu Sings the Carpenters
PleaseMr.Postman,Rie fu Sings the Carpenters
Superstar,Rie fu Sings the Carpenters,fiesta,palette,MARIKO Sings Karen Carpenter -井手麻理子 カレン・カーペンターを歌う-
YesterdayOncemore,Rie fu Sings the Carpenters
ClosetoYou,Rie fu Sings the Carpenters
TopoftheWorld,Rie fu Sings the Carpenters
RainyDaysandMondays,Rie fu Sings the Carpenters
ASongforYou,Rie fu Sings the Carpenters
INeedtobeinLove,Rie fu Sings the Carpenters
DearKaren〜Japaneseversion〜,Rie fu Sings the Carpenters
灰色の瞳,唄ひ手冥利〜其ノ壱〜
more,唄ひ手冥利〜其ノ壱〜
小さな木の実,唄ひ手冥利〜其ノ壱〜
iwannabelovedbyyou,唄ひ手冥利〜其ノ壱〜
白い小鳩,唄ひ手冥利〜其ノ壱〜
loveisblind,唄ひ手冥利〜其ノ壱〜
木綿のハンカチーフ,唄ひ手冥利〜其ノ壱〜
yerblues,唄ひ手冥利〜其ノ壱〜
野薔薇(特別感謝トラック),唄ひ手冥利〜其ノ壱〜
君を愛す,唄ひ手冥利〜其ノ壱〜
jazzagogo,唄ひ手冥利〜其ノ壱〜
枯葉,唄ひ手冥利〜其ノ壱〜
黒いオルフェ,唄ひ手冥利〜其ノ壱〜
mr.wonderful,唄ひ手冥利〜其ノ壱〜
玉葱のハッピーソング,唄ひ手冥利〜其ノ壱〜
startingover,唄ひ手冥利〜其ノ壱〜
子守唄(特別感謝トラック),唄ひ手冥利〜其ノ壱〜
アフリカン・シンフォニー,吹奏楽ベスト100【Disc.1&Disc.2】
シング・シング・シング,吹奏楽ベスト100【Disc.1&Disc.2】
宝島,吹奏楽ベスト100【Disc.1&Disc.2】
ディズニー・メドレー,吹奏楽ベスト100【Disc.1&Disc.2】
76本のトロンボーン,吹奏楽ベスト100【Disc.1&Disc.2】
追憶のテーマ,吹奏楽ベスト100【Disc.1&Disc.2】
踊りあかそう,吹奏楽ベスト100【Disc.1&Disc.2】
カーペンターズ・フォーエバー,吹奏楽ベスト100【Disc.1&Disc.2】
イン・ザ・ムード,吹奏楽ベスト100【Disc.1&Disc.2】
A列車で行こう,吹奏楽ベスト100【Disc.1&Disc.2】,Sings With The Duke Ellington Orchestra
ブラジル,吹奏楽ベスト100【Disc.1&Disc.2】
マンボNo.5,吹奏楽ベスト100【Disc.1&Disc.2】
エル・クンバンチェロ,吹奏楽ベスト100【Disc.1&Disc.2】
デサフィナード,吹奏楽ベスト100【Disc.1&Disc.2】
ホール・ニュー・ワールド,吹奏楽ベスト100【Disc.1&Disc.2】
私のお気に入り〜「メリー・ポピンズ」より,吹奏楽ベスト100【Disc.1&Disc.2】
ニュー・シネマ・パラダイス,吹奏楽ベスト100【Disc.1&Disc.2】,yours;Gift
オーメンズ・オブ・ラヴ,吹奏楽ベスト100【Disc.1&Disc.2】
ジャパニーズ・グラフィティV〜日本レコード大賞、栄光の昭和50年代〜,吹奏楽ベスト100【Disc.1&Disc.2】
コパカバーナ,吹奏楽ベスト100【Disc.1&Disc.2】
テキーラ,吹奏楽ベスト100【Disc.1&Disc.2】
ディープ・パープル・メドレー,吹奏楽ベスト100【Disc.1&Disc.2】
ウィ・アー・オール・アローン,吹奏楽ベスト100【Disc.1&Disc.2】
サウス・ランパート・ストリート・パレード,吹奏楽ベスト100【Disc.1&Disc.2】
愛するデューク,吹奏楽ベスト100【Disc.1&Disc.2】
アメリカン・グラフィティ(メドレー),吹奏楽ベスト100【Disc.1&Disc.2】
古畑任三郎のテーマ,吹奏楽ベスト100【Disc.1&Disc.2】
アンフォゲッタブル,吹奏楽ベスト100【Disc.1&Disc.2】,モナ・リサ〜トリビュート・トゥ・ナット・キング・コール〜,アンフォゲッタブル
touchMe!,touch Me!(通常盤)
一秒ごとにLoveforyou,touch Me!(通常盤)
BreaktheTone,touch Me!(通常盤)
夢が咲く春,touch Me!(通常盤)
Ican'tbelieveyou!!,touch Me!(通常盤)
SecretLover,touch Me!(通常盤)
Hello!,touch Me!(通常盤)
24Xmastime,touch Me!(通常盤)
Catch,touch Me!(通常盤)
YouandMusicandDream,touch Me!(通常盤)
夢が咲く春-remix-,touch Me!(通常盤)
intro,shiori
bulletbull,shiori
photographfeat.中嶋イッキュウ,shiori
shiori,shiori
rainydaysandmondays,shiori
marchofmonkey,shiori
真黒feat.Shing02,shiori
fauve,shiori
wind,shiori
blessing,shiori
Closetoyou(遙かなる影),ISLAND MOMENTS〜SONGS OF CARPENTERS〜
We'veonlyjustbegun(愛のプレリュード),ISLAND MOMENTS〜SONGS OF CARPENTERS〜
Tickettoride(涙の乗車券),ISLAND MOMENTS〜SONGS OF CARPENTERS〜
Desperado(愛は虹の色),ISLAND MOMENTS〜SONGS OF CARPENTERS〜
Topoftheworld(トップ・オブ・ザ・ワールド),ISLAND MOMENTS〜SONGS OF CARPENTERS〜
Honolulucitylights(ホノルル・シティ・ライツ),ISLAND MOMENTS〜SONGS OF CARPENTERS〜
Superstar(スーパースター),ISLAND MOMENTS〜SONGS OF CARPENTERS〜
Rainydaysandmondays(雨の日と月曜日は),ISLAND MOMENTS〜SONGS OF CARPENTERS〜
Yesteradayoncemore(イエスタデイ・ワンス・モア),ISLAND MOMENTS〜SONGS OF CARPENTERS〜
Ineedtobeinlove(青春の輝き),ISLAND MOMENTS〜SONGS OF CARPENTERS〜
カレンの恋,ISLAND MOMENTS〜SONGS OF CARPENTERS〜
BlueManoa,ISLAND MOMENTS〜SONGS OF CARPENTERS〜
グレープフルーツちょうだい,1998-2004
発光体,1998-2004
夜行性の生き物3匹,1998-2004
ラメのパンタロン,1998-2004
午前3時のファズギター(FullLengthVersion),1998-2004
待ち人,1998-2004
アイドル,1998-2004
すべるバー,1998-2004
ゆらゆら帝国で考え中(SingleVersion),1998-2004
恋がしたい,1998-2004
ドックンドール,1998-2004
ズックにロック,1998-2004
3×3×3,1998-2004
誰だっけ?,1998-2004
ミーのカー(Singlec/wVersion),1998-2004
冷たいギフト,1998-2004
パイオニア(AlternateVersion),1998-2004
グレープフルーツちょうだい(AlternateMix),1998-2004
うそが本当に(AlternateVersion),1998-2004
恋がしたい(KaoriTakedaSoloVersion),1998-2004
バンドをやってる友だち(Demo),1998-2004
ボーンズ(Fuko&SakamotoDuetVersion),1998-2004
少年は夢の中(AlternateMix),1998-2004
太陽の白い粉(AlternateMix),1998-2004
ノウイング・ミー、ノウイング・ユー,アバ・ゴールド
マネー、マネー、マネー,アバ・ゴールド
SOS,アバ・ゴールド
悲しきフェルナンド,アバ・ゴールド
TrueLoveStory,LOVE〜Seiko Matsuda 20th Anniversary Best Selection〜
DecemberMorn,LOVE〜Seiko Matsuda 20th Anniversary Best Selection〜
私だけの天使〜Angel〜,LOVE〜Seiko Matsuda 20th Anniversary Best Selection〜
感謝しているヨ!,LOVE〜Seiko Matsuda 20th Anniversary Best Selection〜
あなたに逢いたくて〜MissingYou〜,LOVE〜Seiko Matsuda 20th Anniversary Best Selection〜
夏物語,LOVE〜Seiko Matsuda 20th Anniversary Best Selection〜
抱いて…,LOVE〜Seiko Matsuda 20th Anniversary Best Selection〜
I'llBeThereForYou,LOVE〜Seiko Matsuda 20th Anniversary Best Selection〜
20thParty,LOVE〜Seiko Matsuda 20th Anniversary Best Selection〜
ChristmasTurnedBlue,LOVE〜Seiko Matsuda 20th Anniversary Best Selection〜
哀しみのボート,LOVE〜Seiko Matsuda 20th Anniversary Best Selection〜
さよならのKISSを忘れない,LOVE〜Seiko Matsuda 20th Anniversary Best Selection〜
TwinkleStar,ShiningStar,LOVE〜Seiko Matsuda 20th Anniversary Best Selection〜
勇者王誕生!,「勇者王ガオガイガーFINAL」 オリジナルサウンドトラック1,「勇者王ガオガイガーFINAL」 オリジナルサウンドトラック1
休日,「勇者王ガオガイガーFINAL」 オリジナルサウンドトラック1
アルマ,「勇者王ガオガイガーFINAL」 オリジナルサウンドトラック1
メインタイトル〜パリ上空,「勇者王ガオガイガーFINAL」 オリジナルサウンドトラック1
追跡,「勇者王ガオガイガーFINAL」 オリジナルサウンドトラック1
緊迫,「勇者王ガオガイガーFINAL」 オリジナルサウンドトラック1
ルネ,「勇者王ガオガイガーFINAL」 オリジナルサウンドトラック1
危機,「勇者王ガオガイガーFINAL」 オリジナルサウンドトラック1
光と闇,「勇者王ガオガイガーFINAL」 オリジナルサウンドトラック1
Qパーツ,「勇者王ガオガイガーFINAL」 オリジナルサウンドトラック1
サイボーグ・ハート,「勇者王ガオガイガーFINAL」 オリジナルサウンドトラック1
新たな敵,「勇者王ガオガイガーFINAL」 オリジナルサウンドトラック1
安らぎ,「勇者王ガオガイガーFINAL」 オリジナルサウンドトラック1
宿敵,「勇者王ガオガイガーFINAL」 オリジナルサウンドトラック1
カーペンターズ,「勇者王ガオガイガーFINAL」 オリジナルサウンドトラック1
夢の中,「勇者王ガオガイガーFINAL」 オリジナルサウンドトラック1
激突,「勇者王ガオガイガーFINAL」 オリジナルサウンドトラック1
嵐の決戦!,「勇者王ガオガイガーFINAL」 オリジナルサウンドトラック1
獅子の女王(リオン・レーヌ),「勇者王ガオガイガーFINAL」 オリジナルサウンドトラック1
いつか星の海で,「勇者王ガオガイガーFINAL」 オリジナルサウンドトラック1
流れ者の祈り,ピアノ・マン
ピアノ・マン,ピアノ・マン
悪くはないさ,ピアノ・マン
僕の故郷,ピアノ・マン
さすらいのビリー・ザ・キッド,ピアノ・マン
陽気な放浪者,ピアノ・マン
ネバダ・コネクション,ピアノ・マン
愛する言葉に託して,ピアノ・マン
小雨降るパリ,ピアノ・マン
キャプテン・ジャック,ピアノ・マン
,ピアノ・マン,Rie fu
心の扉,ROUND ABOUT
追憶〜窓辺の風景〜,ROUND ABOUT
飛べない翼,ROUND ABOUT
MyEye'sOnYou,ROUND ABOUT
EverytimeYouGoAway(Live),ROUND ABOUT
点し火のように,ROUND ABOUT
Standing,ROUND ABOUT
遙かな航海ヘ,ROUND ABOUT
SpiritOfLove(SanctifiedVersion),ROUND ABOUT
ロマン,ROUND ABOUT
11月の記憶〜RainingBlues〜,ROUND ABOUT
夏の彼方,ROUND ABOUT
止まらぬ想い,ROUND ABOUT
Maybe,ROUND ABOUT
Will,ROUND ABOUT
幻に恋する日々,ROUND ABOUT
Rendezvous,ROUND ABOUT
泡沫,ROUND ABOUT
Friend,ROUND ABOUT
TimeIsOver,ROUND ABOUT
ディキシー・ララバイ,レオン・ラッセル
アイ・プット・ア・スペル・オン・ユー,レオン・ラッセル
シュート・アウト・オン・ザ・プランテーション,レオン・ラッセル
ハミング・バード,レオン・ラッセル
デルタ・レディ,レオン・ラッセル
プリンス・オブ・ピース,レオン・ラッセル
ギヴ・ピース・ア・チャンス,レオン・ラッセル
ハートサム・ボディ,レオン・ラッセル
パイシーズ・アップル・レディ,レオン・ラッセル
ロール・アウェイ・ザ・ストーン,レオン・ラッセル
戦争の親玉,レオン・ラッセル
Prelude(Instrumental),fiesta
(Theylongtobe)Closetoyou,fiesta
Theladywantstoknow,fiesta
Reunited,fiesta
Feellikemakin｀love,fiesta
Snowfallingthickandslow(Instrumental),fiesta
Lovin｀you,fiesta
Company〜Epilogue,fiesta
ひとりでX'mas,fiesta
踊らせて,TWIN SOUL
フューチャー・フォー・ユー,TWIN SOUL
ミッドナイト・プロファイリング,TWIN SOUL
フォーエヴァー・ツイン・ソウル,TWIN SOUL
生まれ変わるために,TWIN SOUL
EXラヴァー,TWIN SOUL
アワ・リトル・ワン,TWIN SOUL
晴れた日のワイパー,TWIN SOUL
Mr.サンタ・クロース〜プレゼント,TWIN SOUL
クロース・トゥ・ユー,TWIN SOUL,ソングズ・オブ・アワ・タイム
キス,TWIN SOUL
キャッツ・アイ〜2000(アルバム・ヴァージョン),TWIN SOUL
Hello,空×少年(通常盤)
海岸中央通り(Albumver.),空×少年(通常盤)
two友(Kimgurever.),空×少年(通常盤)
恋熱,空×少年(通常盤)
愛NEED,空×少年(通常盤)
君のいない世界,空×少年(通常盤)
天国の郵便ポスト,空×少年(通常盤)
空×少年,空×少年(通常盤)
泣くし者,空×少年(通常盤)
サヨナラの朝,空×少年(通常盤)
ただいま,空×少年(通常盤)
また好きになる,空×少年(通常盤)
TOPOFTHEWORLD(ボーナス・トラック),空×少年(通常盤)
紅の静寂,Single Collection
たからもの,Single Collection
幸せのいろ,Single Collection
言えないから,Single Collection
真実の扉,Single Collection
夏色のカケラ,Single Collection
僕らのキセキ,Single Collection
poweroflove,Single Collection
OPENYOURMIND〜小さな羽根ひろげて〜,Single Collection
願い,Single Collection
永遠の花,Single Collection
アイム・ビギニング・トゥ・シー・ザ・ライト,Sings With The Duke Ellington Orchestra
ドロップ・ミー・オフ・イン・ハーレム,Sings With The Duke Ellington Orchestra
スウィングしなけりゃ意味ないね,Sings With The Duke Ellington Orchestra
ソリチュード,Sings With The Duke Ellington Orchestra
キャラバン,Sings With The Duke Ellington Orchestra
イン・ア・メロウ・トーン,Sings With The Duke Ellington Orchestra
アイ・ディドント・ノウ・アバウト・ユー,Sings With The Duke Ellington Orchestra
アイム・ゴナ・ゴー・フィッシン,Sings With The Duke Ellington Orchestra
イン・ナ・センティメンタル・ムード,Sings With The Duke Ellington Orchestra
ジャスト・ア・シッティン・アンド・ア・ロッキン,Sings With The Duke Ellington Orchestra
ダンス・イン・ハーレム,Sings With The Duke Ellington Orchestra
ルージュの伝言,キッズ・ボッサ ラブ&スマイル
オー・シャンゼリゼ,キッズ・ボッサ ラブ&スマイル
ラブ,キッズ・ボッサ ラブ&スマイル
トゥモロウ,キッズ・ボッサ ラブ&スマイル
スーパーカリフラジリスティックエクスピアリドーシャス,キッズ・ボッサ ラブ&スマイル
小さな恋のうた,キッズ・ボッサ ラブ&スマイル
気になる女の子,キッズ・ボッサ ラブ&スマイル
ウエレヴァー・ユー・アー,キッズ・ボッサ ラブ&スマイル
エブリウェア・ユー・ルック,キッズ・ボッサ ラブ&スマイル
聖者が街にやってくる,キッズ・ボッサ ラブ&スマイル
モナ・リザ,モナ・リサ〜トリビュート・トゥ・ナット・キング・コール〜
オールモスト・ライク・ビーイング・イン・ラヴ,モナ・リサ〜トリビュート・トゥ・ナット・キング・コール〜
フォー・センチメンタル・リーズンズ,モナ・リサ〜トリビュート・トゥ・ナット・キング・コール〜
ペーパー・ムーン,モナ・リサ〜トリビュート・トゥ・ナット・キング・コール〜
ラヴ,モナ・リサ〜トリビュート・トゥ・ナット・キング・コール〜,SUPERNOW〜レターメン,A CAPPELLA
スターダスト,モナ・リサ〜トリビュート・トゥ・ナット・キング・コール〜,ポピュラー30年史 ユウ・アー・マイ・サンシャインからマイ・ウェイまで
ルート66,モナ・リサ〜トリビュート・トゥ・ナット・キング・コール〜
キャンディ,モナ・リサ〜トリビュート・トゥ・ナット・キング・コール〜
フライ・ミー・トゥー・ザ・ムーン,モナ・リサ〜トリビュート・トゥ・ナット・キング・コール〜,A CAPPELLA
ファー・コール,モナ・リサ〜トリビュート・トゥ・ナット・キング・コール〜
笑って、恵みのもとへ,Rie fu
BeautifulWords,Rie fu
Somebody'sWorld,Rie fu
2cm,Rie fu
ISoWanted,Rie fu
decay,Rie fu
Prayers&Melodies,Rie fu
雨の日が好きって思ってみたい,Rie fu
Voice(AlbumVersion),Rie fu
ツキノウエ(JammingVersion),Rie fu
Shine,Rie fu
LifeisLikeaBoat,Rie fu
〜interlude〜,Rie fu
decay(EnglishVersion),Rie fu
PartyDown,Our Favorite Pop
DiggingYourScene,Our Favorite Pop
NeverStop,Our Favorite Pop
There'sNothingLikeThis〜featuringTOKU〜,Our Favorite Pop
Let'sStayTogether,Our Favorite Pop
AWomanNeedsLove(JustLikeYouDo),Our Favorite Pop
AllAroundTheWorld,Our Favorite Pop
Arthur'sTheme(BestThatYouCanDo),Our Favorite Pop
IWantYouToWantMe,Our Favorite Pop
Alison,Our Favorite Pop
FamilyAffair<bonustracks>,Our Favorite Pop
NeverStop-STALKERSTUDIO'ssunnyhousetreatment-<bonustracks>,Our Favorite Pop
FamilyAffair-M-SWIFTRemix-<bonustracks>,Our Favorite Pop
オール・ジーズ・イヤーズ・アゴー,新たなる輝き〜イエスタディ・ワンス・モア
Promise,SAYA
GirlsTalklikestars,SAYA
IWill,SAYA
P.Sアリガトウ,SAYA
LALALA,SAYA
Promise[Inst.],SAYA
ふぅ。,順調中
バス停,順調中
同じ星,順調中
いとをかし,順調中
スタッフロール,順調中
恋の悪戯,順調中
言葉,順調中
短いメール,順調中
月夜ひらひら,順調中
ずっと好きだった,順調中
-,順調中
スターズ・オン45〜ビートルズ・メドレー〜,サーティ・イヤーズ・アニバーサリー・オブ・スターズ・オン・45〜ジャパニーズ・リミ
スターズ・オン45〜アバ・メドレー〜,サーティ・イヤーズ・アニバーサリー・オブ・スターズ・オン・45〜ジャパニーズ・リミ
カーペンターズ・メドレー,サーティ・イヤーズ・アニバーサリー・オブ・スターズ・オン・45〜ジャパニーズ・リミ
スターズ・オン45〜ザ・グレイテスト・ロックンロール・バンド(ローリング・ストーンズ・メドレー),サーティ・イヤーズ・アニバーサリー・オブ・スターズ・オン・45〜ジャパニーズ・リミ
スターズ・オン45〜ザ・リミックス・ヴァージョン1989〜(ビートルズ・メドレー),サーティ・イヤーズ・アニバーサリー・オブ・スターズ・オン・45〜ジャパニーズ・リミ
スターズ・オン・スティービー・ワンダー〜オリジナル・12インチ・ヴァージョン〜,サーティ・イヤーズ・アニバーサリー・オブ・スターズ・オン・45〜ジャパニーズ・リミ
スターズ・オン45〜45ラジオ・ミックス〜,サーティ・イヤーズ・アニバーサリー・オブ・スターズ・オン・45〜ジャパニーズ・リミ
伝説の女,A&M グレイテスト・ヒッツ,オールド・ファッションド・ラヴ・ソング
オールド・ファッションド・ラヴ・ソング,A&M グレイテスト・ヒッツ,オールド・ファッションド・ラヴ・ソング
光りある道,A&M グレイテスト・ヒッツ,オールド・ファッションド・ラヴ・ソング
ア・パーフェクト・ラヴ,A&M グレイテスト・ヒッツ,オールド・ファッションド・ラヴ・ソング
アウト・イン・ザ・カントリー,A&M グレイテスト・ヒッツ
ザ・レイディー・イズ・ウェイティング,A&M グレイテスト・ヒッツ
旅する少年,A&M グレイテスト・ヒッツ
ユー・アンド・ミー,A&M グレイテスト・ヒッツ
インスピレーション,A&M グレイテスト・ヒッツ
ファミリー・オブ・マン,A&M グレイテスト・ヒッツ
小さな幸福,A&M グレイテスト・ヒッツ
ロンリネス,A&M グレイテスト・ヒッツ
ナイス・トゥ・ビー・アラウンド,A&M グレイテスト・ヒッツ
タイム・アンド・タイド,A&M グレイテスト・ヒッツ
ダウンタウン物語,A&M グレイテスト・ヒッツ
愛は永遠の灯り,A&M グレイテスト・ヒッツ
スター誕生{愛のテーマ},A&M グレイテスト・ヒッツ
(TheyLongToBe)ClosetoYou,ニュー・オーリンズ・・・トゥデイ
OnaClearDayYouCanSeeForever,ニュー・オーリンズ・・・トゥデイ
LoveStory,ニュー・オーリンズ・・・トゥデイ
YellowBird,ニュー・オーリンズ・・・トゥデイ
MyRhapsody,ニュー・オーリンズ・・・トゥデイ
Exodus,ニュー・オーリンズ・・・トゥデイ
SecretofMySoul,ニュー・オーリンズ・・・トゥデイ
GreatStoneBottle,ニュー・オーリンズ・・・トゥデイ
SesameStreet,ニュー・オーリンズ・・・トゥデイ
HeAin'tHeavyHe'sMyBrother,ニュー・オーリンズ・・・トゥデイ
TennesseeWaltz,ニュー・オーリンズ・・・トゥデイ
MySweetLord,ニュー・オーリンズ・・・トゥデイ
Breed,palette
Living,palette
Africa,palette
Ontario,palette
LastBlink,palette
STARTTODAY,palette
恋に落ちた時,SUPERNOW〜レターメン
愛の誓い,SUPERNOW〜レターメン
トップオブザワールド,SUPERNOW〜レターメン
ビコーズ,SUPERNOW〜レターメン
肩にほほをうずめて,SUPERNOW〜レターメン
ある愛の詩,SUPERNOW〜レターメン,ポピュラー30年史 ユウ・アー・マイ・サンシャインからマイ・ウェイまで
カントリーロード,SUPERNOW〜レターメン
愛のわかれ道,SUPERNOW〜レターメン
モア,SUPERNOW〜レターメン,ポピュラー30年史 ユウ・アー・マイ・サンシャインからマイ・ウェイまで
ふられた気持,SUPERNOW〜レターメン
見果てぬ夢,SUPERNOW〜レターメン
イフ,SUPERNOW〜レターメン
そして今は,SUPERNOW〜レターメン
想い出の二人,SUPERNOW〜レターメン
ブルーレディに紅いバラ,SUPERNOW〜レターメン
ラヴイズヒア,SUPERNOW〜レターメン
トゥーヤング,SUPERNOW〜レターメン
アップアップアンドアウェイ,SUPERNOW〜レターメン
オンリーユー,SUPERNOW〜レターメン
ベイビーイッツユー,SUPERNOW〜レターメン
オールドファッションドラヴソング,SUPERNOW〜レターメン
傷心の日々,SUPERNOW〜レターメン
恋のかけひき,SUPERNOW〜レターメン
雨のプレリュード,遙かなる影〜CLOSE TO YOU
BringHimBack,ホエア・アム・アイ・ゴーイング
Don'tLetMeLoseThisDream,ホエア・アム・アイ・ゴーイング
ICan'tWaitUntilISeeMyBaby'sFace,ホエア・アム・アイ・ゴーイング
TakeMeForALittleWhile,ホエア・アム・アイ・ゴーイング
ChainedToAMemory,ホエア・アム・アイ・ゴーイング
Sunny,ホエア・アム・アイ・ゴーイング
WelcomeHome,ホエア・アム・アイ・ゴーイング
ComeBackToMe,ホエア・アム・アイ・ゴーイング
IfYouGoAway,ホエア・アム・アイ・ゴーイング
BrokenBlossoms,ホエア・アム・アイ・ゴーイング
WhereAmIGoing?,ホエア・アム・アイ・ゴーイング
I'veGotAGoodThing,ホエア・アム・アイ・ゴーイング
Don'tForgetAboutMe,ホエア・アム・アイ・ゴーイング
シルヴァー・バード,シルヴァーバード
ソー・ハード・トゥ・リーヴ・ユー,シルヴァーバード
ブックエンド,シルヴァーバード
そよ風の恋,シルヴァーバード
ロング・アンド・ワインディング・ロード|イエスタデイ,シルヴァーバード
ファニー・ハウ・リトル・メン・ケア,シルヴァーバード
カム・サタデイ・モーニング,シルヴァーバード
フィール・ザ・ウォーム,シルヴァーバード
ウィンディ・ウェイクフィールド,シルヴァーバード
ショウ・ユア・ラヴ,マイ・ハート・イズ・ホーム
ガール・ウィズ・ア・コンプリケイテッド・ハート,マイ・ハート・イズ・ホーム
テイク・ミー・ホーム,マイ・ハート・イズ・ホーム
ワン・ワールド・オブ・ユー・アンド・ミー,マイ・ハート・イズ・ホーム
サムシング・フロム・パラダイス,マイ・ハート・イズ・ホーム
マイ・ハート・イズ・ホーム,マイ・ハート・イズ・ホーム
ディス・イズ・ラヴ,マイ・ハート・イズ・ホーム
ムーン・イズ・レッド,マイ・ハート・イズ・ホーム
エヴリシング・バット・ユー,マイ・ハート・イズ・ホーム
クリスマス・イズ・マイ・フェイヴァリット・タイム・オブ・イヤー,マイ・ハート・イズ・ホーム
フィールズ・グッド・トゥ・ビー・バッド・アゲイン,マイ・ハート・イズ・ホーム
ホワット・ア・ワンダフル・ワールド(ウィズ・ストリングス),ホワット・ア・ワンダフル・ワールド
マイ・ラヴ(P.McCartney作曲),ホワット・ア・ワンダフル・ワールド
ニアネス・オブ・ユー,ホワット・ア・ワンダフル・ワールド
ビート・イット,マイケル・イン・ボッサ
ドント・ストップ・ティル・ユー・ゲット・イナフ,マイケル・イン・ボッサ
ビリー・ジーン,マイケル・イン・ボッサ
ベイビー・ビー・マイン,マイケル・イン・ボッサ
ザ・レディー・イン・マイ・ライフ,マイケル・イン・ボッサ
オフ・ザ・ウォール,マイケル・イン・ボッサ
スリラー,マイケル・イン・ボッサ
ワナ・ビー・スターティング・サムシング,マイケル・イン・ボッサ
マン・イン・ザ・ミラー,マイケル・イン・ボッサ
ザ・ガール・イズ・マイン,マイケル・イン・ボッサ
リメンバー・ザ・タイム,マイケル・イン・ボッサ
アイ・キャント・ヘルプ・イット,マイケル・イン・ボッサ
こんな恋ってはじめて,オールド・ファッションド・ラヴ・ソング
シンプル・マン,オールド・ファッションド・ラヴ・ソング
ひとりぼっちだった時は,オールド・ファッションド・ラヴ・ソング
愛と私,オールド・ファッションド・ラヴ・ソング
ゴーン・フォーエヴァー,オールド・ファッションド・ラヴ・ソング
ドレミの歌,柴矢裕美と歌おうレッツ・シング!!〜「おさかな天国」から「ニッキ・ニャッキ」まで〜,ポピュラー30年史 ユウ・アー・マイ・サンシャインからマイ・ウェイまで
おさかな天国,柴矢裕美と歌おうレッツ・シング!!〜「おさかな天国」から「ニッキ・ニャッキ」まで〜
パフ,柴矢裕美と歌おうレッツ・シング!!〜「おさかな天国」から「ニッキ・ニャッキ」まで〜
ニッキ・ニャッキ,柴矢裕美と歌おうレッツ・シング!!〜「おさかな天国」から「ニッキ・ニャッキ」まで〜
あじさいのうた,柴矢裕美と歌おうレッツ・シング!!〜「おさかな天国」から「ニッキ・ニャッキ」まで〜
Dearティム,柴矢裕美と歌おうレッツ・シング!!〜「おさかな天国」から「ニッキ・ニャッキ」まで〜
ピノキオ,柴矢裕美と歌おうレッツ・シング!!〜「おさかな天国」から「ニッキ・ニャッキ」まで〜
アイ・アイ,柴矢裕美と歌おうレッツ・シング!!〜「おさかな天国」から「ニッキ・ニャッキ」まで〜
おやすみのうた,柴矢裕美と歌おうレッツ・シング!!〜「おさかな天国」から「ニッキ・ニャッキ」まで〜
オール・マイ・ラヴィング,のほほん族とビートルズ〜あたたかな笑顔〜
ビートルズがやって来るヤァ!ヤァ!ヤァ!,のほほん族とビートルズ〜あたたかな笑顔〜
ウィズ・ア・リトル・ヘルプ・フロム・マイ・フレンズ,のほほん族とビートルズ〜あたたかな笑顔〜
エリナー・リグビー,のほほん族とビートルズ〜あたたかな笑顔〜
冷たい雨,【MAXI】冷たい雨(通常盤)(マキシシングル)
冷たい雨<Instrumental>,【MAXI】冷たい雨(通常盤)(マキシシングル)
(TheyLongToBe)CloseToYou<Instrumental>,【MAXI】冷たい雨(通常盤)(マキシシングル)
MercyMercyMe(TheEcology),Calm Holiday
EverytimeYouGoAway,Calm Holiday
ManicMonday,Calm Holiday
MistyBlue,Calm Holiday
EverybodyWantsToRuleTheWorld,Calm Holiday
ThisMasquerade,Calm Holiday,MARIKO Sings Karen Carpenter -井手麻理子 カレン・カーペンターを歌う-
HardTime,Calm Holiday
ニンナ・ナンナ,草原の輝き
オハヨー・オハイオ,草原の輝き
草原の輝き,草原の輝き
私の頭はどこ?,草原の輝き
愛しのあなた,草原の輝き
バット・ナウ・アイム・バック,草原の輝き
ふたりの日曜日,草原の輝き
オーヴァー・ザ・ヴァレー,草原の輝き
トゥカ・トゥカ,草原の輝き
ビティ・ボッピー・ベティ,草原の輝き
ピエンサ・エン・ミ,草原の輝き
ニュー・アムステルダム,草原の輝き
ニンナ・ナンナ(リプライズ),草原の輝き
Closetoyou/(Theylongtobeclosetoyou),MARIKO Sings Karen Carpenter -井手麻理子 カレン・カーペンターを歌う-
INEEDTOBEINLOVE,MARIKO Sings Karen Carpenter -井手麻理子 カレン・カーペンターを歌う-
Jambalaya,MARIKO Sings Karen Carpenter -井手麻理子 カレン・カーペンターを歌う-
ASONGFORYOU,MARIKO Sings Karen Carpenter -井手麻理子 カレン・カーペンターを歌う-,BETTER THAN NEW - The Song I Love -,SONG FOR YOU
SABOR,サボール・デ・ラ・ルス
REGALAMEUNANOCHE,サボール・デ・ラ・ルス
QUIEREME,サボール・デ・ラ・ルス
SEFUE,サボール・デ・ラ・ルス
(THEYLONGTOBE)CLOSETOYOU,サボール・デ・ラ・ルス,SONG FOR YOU
ELVERDADEROAMOR,サボール・デ・ラ・ルス
MICALOR,サボール・デ・ラ・ルス
HOY,MANANAYSIEMPRE,サボール・デ・ラ・ルス
TERCIOPELO,サボール・デ・ラ・ルス
LOSNINOS,サボール・デ・ラ・ルス
VOLVERMEAENAMORAR,サボール・デ・ラ・ルス
BOOGALOGY,サボール・デ・ラ・ルス
青色の秘密,HIBIKI
GOODBYETOLOVE,HIBIKI
Ray,HIBIKI
NOSURPRISES,HIBIKI
シープ,HIBIKI
瞳を閉じて,HIBIKI
青葉,HIBIKI
夜明けの歌,HIBIKI
ひも,HIBIKI
スタンド・バイ・ミー,ヘイ・ジュード,R40'S SURE THINGS!! 本命洋楽カバー集〜イエスタディ・ワンス・モア
グレイテスト・ラヴ・オブ・オール・メドレー,ヘイ・ジュード
見つめていたい,ヘイ・ジュード,ゾーズ・アイズ,A CAPPELLA
エヴリシング・マスト・チェンジ,ヘイ・ジュード,エヴリシング・マスト・チェンジ,エヴリシング・マスト・チェンジ(紙ジャケット仕様)(HYB)
オール・ユー・ニード・イズ・ラヴ,ヘイ・ジュード
ゴスペル・メドレー,ヘイ・ジュード
ユーヴ・ガット・ア・フレンド,ヘイ・ジュード
ジーザス・イズ・ザ・ベスト・シング,ヘイ・ジュード
クリスマス・メドレー,ヘイ・ジュード
ピープル,メイク・ウェイ・フォー・ディオンヌ・ワーウィック(来日記念紙ジャケット・コレクシ 
禁断の想い(遥かなる影),メイク・ウェイ・フォー・ディオンヌ・ワーウィック(来日記念紙ジャケット・コレクシ 
純愛,メイク・ウェイ・フォー・ディオンヌ・ワーウィック(来日記念紙ジャケット・コレクシ 
夢の国(ランド・オブ・メイク・ビリーヴ),メイク・ウェイ・フォー・ディオンヌ・ワーウィック(来日記念紙ジャケット・コレクシ 
悩みはてなし(リーチ・アウト),メイク・ウェイ・フォー・ディオンヌ・ワーウィック(来日記念紙ジャケット・コレクシ 
心のもだえ(ユール・ネヴァー・ゲット・トゥ・ヘヴン),メイク・ウェイ・フォー・ディオンヌ・ワーウィック(来日記念紙ジャケット・コレクシ 
ウィッシン・アンド・ホッピン(ウィッシン・アンド・ホーピン),メイク・ウェイ・フォー・ディオンヌ・ワーウィック(来日記念紙ジャケット・コレクシ 
バラの微笑み,メイク・ウェイ・フォー・ディオンヌ・ワーウィック(来日記念紙ジャケット・コレクシ 
よみがえる心,メイク・ウェイ・フォー・ディオンヌ・ワーウィック(来日記念紙ジャケット・コレクシ 
夜愁ほのかに,メイク・ウェイ・フォー・ディオンヌ・ワーウィック(来日記念紙ジャケット・コレクシ 
ア・ハウス・イズ・ノット・ア・ホーム(モノ),メイク・ウェイ・フォー・ディオンヌ・ワーウィック(来日記念紙ジャケット・コレクシ 
ピープル(モノ),メイク・ウェイ・フォー・ディオンヌ・ワーウィック(来日記念紙ジャケット・コレクシ 
禁断の想い(遥かなる影)(モノ),メイク・ウェイ・フォー・ディオンヌ・ワーウィック(来日記念紙ジャケット・コレクシ 
純愛(モノ),メイク・ウェイ・フォー・ディオンヌ・ワーウィック(来日記念紙ジャケット・コレクシ 
夢の国(ランド・オブ・メイク・ビリーヴ)(モノ),メイク・ウェイ・フォー・ディオンヌ・ワーウィック(来日記念紙ジャケット・コレクシ 
悩みはてなし(リーチ・アウト)(モノ),メイク・ウェイ・フォー・ディオンヌ・ワーウィック(来日記念紙ジャケット・コレクシ 
心のもだえ(ユール・ネヴァー・ゲット・トゥ・ヘヴン)(モノ),メイク・ウェイ・フォー・ディオンヌ・ワーウィック(来日記念紙ジャケット・コレクシ 
ウォーク・オン・バイ(モノ),メイク・ウェイ・フォー・ディオンヌ・ワーウィック(来日記念紙ジャケット・コレクシ 
ウィッシン・アンド・ホッピン(ウィッシン・アンド・ホーピン)(モノ),メイク・ウェイ・フォー・ディオンヌ・ワーウィック(来日記念紙ジャケット・コレクシ 
バラの微笑み(モノ),メイク・ウェイ・フォー・ディオンヌ・ワーウィック(来日記念紙ジャケット・コレクシ 
よみがえる心(モノ),メイク・ウェイ・フォー・ディオンヌ・ワーウィック(来日記念紙ジャケット・コレクシ 
夜愁ほのかに(モノ),メイク・ウェイ・フォー・ディオンヌ・ワーウィック(来日記念紙ジャケット・コレクシ 
ウォーク・オン・バイ[ドイツ語ヴァージョン](ボーナス・トラック)(モノ),メイク・ウェイ・フォー・ディオンヌ・ワーウィック(来日記念紙ジャケット・コレクシ 
心のもだえ(ユール・ネヴァー・ゲット・トゥ・ヘヴン)[ドイツ語ヴァージョン](ボーナス・トラック),メイク・ウェイ・フォー・ディオンヌ・ワーウィック(来日記念紙ジャケット・コレクシ 
ア・ハウス・イズ・ノット・ア・ホーム[フランス語ヴァージョン](ボーナス・トラック)(モノ),メイク・ウェイ・フォー・ディオンヌ・ワーウィック(来日記念紙ジャケット・コレクシ 
ムーンライト・ビカムズ・ユー,ア・リトル・オン・ザ・ウィンディ・サイド
ア・リトル・オン・ザ・ウィンディ・サイド,ア・リトル・オン・ザ・ウィンディ・サイド
セイヴ・ミー・ア・ドリーム,ア・リトル・オン・ザ・ウィンディ・サイド
フォー・グッドネス・セイク,ア・リトル・オン・ザ・ウィンディ・サイド
ブランド・ニュー・ソング,ア・リトル・オン・ザ・ウィンディ・サイド
ア・リトル・モアー・ライク・ユー,ア・リトル・オン・ザ・ウィンディ・サイド
ジス・ストレンジ・ニュー・フィーリング,ア・リトル・オン・ザ・ウィンディ・サイド
ヒアーズ・アナザー・ファイン・メス,ア・リトル・オン・ザ・ウィンディ・サイド
マイ・フェアー・シェアー,ア・リトル・オン・ザ・ウィンディ・サイド
フォー・ザ・ライフ・オブ・ミー,ア・リトル・オン・ザ・ウィンディ・サイド
ザ・ギフト,ア・リトル・オン・ザ・ウィンディ・サイド
ブランド・ニュー・ソング(リプライズ)(ボーナス・トラック),ア・リトル・オン・ザ・ウィンディ・サイド
ホエン・ザ・リヴァー・ミーツ・ザ・シー(ボーナス・トラック),ア・リトル・オン・ザ・ウィンディ・サイド
ラヴ・コンカーズ・オール(ボーナス・トラック),ア・リトル・オン・ザ・ウィンディ・サイド
ア・リトル・オン・ザ・ウィンディ・サイド(MonoSingleEdit)(ボーナス・トラック),ア・リトル・オン・ザ・ウィンディ・サイド
IWantYouBack,キャラメル・ジャズ 〜フィール・アット・ホーム〜(TSUTAYA先行)
ForOnceInMyLife,キャラメル・ジャズ 〜フィール・アット・ホーム〜(TSUTAYA先行)
ILikeIt,キャラメル・ジャズ 〜フィール・アット・ホーム〜(TSUTAYA先行)
MercyMercyMe,キャラメル・ジャズ 〜フィール・アット・ホーム〜(TSUTAYA先行)
IWannaBeWhereYouAre,キャラメル・ジャズ 〜フィール・アット・ホーム〜(TSUTAYA先行)
What'sGoingOn,キャラメル・ジャズ 〜フィール・アット・ホーム〜(TSUTAYA先行)
MaryJane,キャラメル・ジャズ 〜フィール・アット・ホーム〜(TSUTAYA先行)
LoveMachine,キャラメル・ジャズ 〜フィール・アット・ホーム〜(TSUTAYA先行)
Ben,キャラメル・ジャズ 〜フィール・アット・ホーム〜(TSUTAYA先行)
I'mInTheMoodForDancing,キャラメル・ジャズ 〜フィール・アット・ホーム〜(TSUTAYA先行)
誰も寝てはならぬ(歌劇「トゥーランドット」より),世界名曲劇場〜序曲〜
エンターテイナー(映画「スティング」より),世界名曲劇場〜序曲〜
マイ・ハート・ウィル・ゴー・オン(映画「タイタニック」より),世界名曲劇場〜序曲〜
シバの女王,世界名曲劇場〜序曲〜
ある愛の詩(映画「ある愛の詩」より),世界名曲劇場〜序曲〜
メロディ・フェア(映画「小さな恋のメロディ」より),世界名曲劇場〜序曲〜
ゴッドファーザー愛のテーマ(映画「ゴッドファーザー」より),世界名曲劇場〜序曲〜
オブ・ラ・ディ、オブ・ラ・ダ,世界名曲劇場〜序曲〜
タイム・トゥ・セイ・グッパイ,世界名曲劇場〜序曲〜
アメイジング・グレイス,世界名曲劇場〜序曲〜,トレンディ・ラヴァーズ
ThereMustBeAnAngel,フレイヴァー・オブ・クリスマス,LOVERS
ReadMyMind<CrystalEdition>,フレイヴァー・オブ・クリスマス
SoSick,フレイヴァー・オブ・クリスマス
MakeItToTheEnd〜どうして君を好きになってしまったんだろう?〜,フレイヴァー・オブ・クリスマス
ThisChristmas,フレイヴァー・オブ・クリスマス
TalkToMe,フレイヴァー・オブ・クリスマス
AfterLove(femalever.),フレイヴァー・オブ・クリスマス
MerryChristmasMr.Lawrence〜戦場のメリークリスマスより〜,フレイヴァー・オブ・クリスマス
TheChristmasSong(ChestnutsRoastingOnAnOpenFire),フレイヴァー・オブ・クリスマス
MissYou,フレイヴァー・オブ・クリスマス
DEPARTURES(Apfversion),フレイヴァー・オブ・クリスマス
DAYDREAMBELIEVER,BETTER THAN NEW - The Song I Love -
EVERYBREATHYOUTAKE,BETTER THAN NEW - The Song I Love -
HELLO,MARYLOU,BETTER THAN NEW - The Song I Love -
MYCHERIEAMOUR,BETTER THAN NEW - The Song I Love -
DANNY'SSONG,BETTER THAN NEW - The Song I Love -
YOURLIFE,BETTER THAN NEW - The Song I Love -
BOTHSIDES,NOW,BETTER THAN NEW - The Song I Love -
FOOL,BETTER THAN NEW - The Song I Love -
LOVING'SSOHARD,BETTER THAN NEW - The Song I Love -
CANDLESANDWINE,BETTER THAN NEW - The Song I Love -
流星,カナリア
時空飛行,カナリア
カモミール,カナリア
少年時代,カナリア
夜来香,カナリア
clapyourhands,カナリア
SHAKE!,カナリア
ハバネラ,カナリア
風花,カナリア
紫陽花通り,カナリア
千年の恋,カナリア
eternalflow,カナリア
時を渡る風,カナリア
イフ・アイ・クドゥ・オンリー・ビー・シュア,スタジオ 150
ウィッシング・オン・ア・スター,スタジオ 150
ドント・メイク・プロミス,スタジオ 150
ボトル,スタジオ 150
ブラック・イズ・ザ・カラー,スタジオ 150
アーリー・モーニング・レイン,スタジオ 150
ワン・ウェイ・ロード,スタジオ 150
ヘラクレス,スタジオ 150
シンキング・オヴ・ユー,スタジオ 150
オール・アロング・ザ・ワッチタワー,スタジオ 150
バーズ,スタジオ 150
ファミリー・アフェアー(ボーナス・トラック),スタジオ 150
レット・イット・ビー・ミー(ボーナス・トラック),スタジオ 150,ヴェリー・ディオンヌ
スーパーウーマン,ゾーズ・アイズ
あの娘が消えた,ゾーズ・アイズ
愛は面影の中に,ゾーズ・アイズ
サドンリー,ゾーズ・アイズ
ゾーズ・アイズ,ゾーズ・アイズ
ラヴリー・デイ,ゾーズ・アイズ
ミス・ア・シング,ゾーズ・アイズ
ホールディング・バック・イヤーズ,ゾーズ・アイズ
ニューヨークの想い,ゾーズ・アイズ
愛のたそがれ,ゾーズ・アイズ
Love,LOVERS
TheGreatestLoveOfAll,LOVERS
HotStuff,LOVERS
IWantItThatWayfeat.BOO,LOVERS
&,LOVERS
YouAreEverythingfeat.BOO,LOVERS
I'veNeverBeenToMe,LOVERS
Truth,LOVERS
GIVEMEUP,CM INZA HOUSE STYLE
PoupeeDeCirePoupeeDeSon,CM INZA HOUSE STYLE
TOYBOY,CM INZA HOUSE STYLE
PRIVATEEYES,CM INZA HOUSE STYLE
DANCINGQUEEN,CM INZA HOUSE STYLE
BrandNewStart,CM INZA HOUSE STYLE
マリアのゴール(ポルトガル語),カフェ・ダ・プライア〜海辺のCafe〜
ドラリッスィ(ポルトガル語),カフェ・ダ・プライア〜海辺のCafe〜
遙かなる影(英語),カフェ・ダ・プライア〜海辺のCafe〜
小舟(ポルトガル語),カフェ・ダ・プライア〜海辺のCafe〜
ビートルズがやって来るヤアヤアヤア(英語),カフェ・ダ・プライア〜海辺のCafe〜
ひまわり(日本語),カフェ・ダ・プライア〜海辺のCafe〜
好きにならずにいられない(英語),カフェ・ダ・プライア〜海辺のCafe〜
サマーサンバ(ポルトガル語),カフェ・ダ・プライア〜海辺のCafe〜
真夏の果実(英語),カフェ・ダ・プライア〜海辺のCafe〜
ジサフィナード(ポルトガル語),カフェ・ダ・プライア〜海辺のCafe〜
水の歌(日本語),カフェ・ダ・プライア〜海辺のCafe〜
Tenderness(Scene1),キノー(KNHO)〜銀幕のピアノ〜
AsianRoad(Scene2),キノー(KNHO)〜銀幕のピアノ〜
PromisedLand(Scene3),キノー(KNHO)〜銀幕のピアノ〜
LittleLoveSong(Scene4),キノー(KNHO)〜銀幕のピアノ〜
EtudeOfmystery(Scene5),キノー(KNHO)〜銀幕のピアノ〜
Solitude(Scene6),キノー(KNHO)〜銀幕のピアノ〜
Habanera〜美しき殺人犯〜(Scene7),キノー(KNHO)〜銀幕のピアノ〜
StirCity(Scene8),キノー(KNHO)〜銀幕のピアノ〜
Emerald(Scene9),キノー(KNHO)〜銀幕のピアノ〜
GraceBlue/星に願いを(Scene10),キノー(KNHO)〜銀幕のピアノ〜
PromisedLandwithvoice(EndRoll11),キノー(KNHO)〜銀幕のピアノ〜
チェック・アウト・タイム,ヴェリー・ディオンヌ
ザット・レイニー・デイ,ヴェリー・ディオンヌ
ほほえみのグリーン・グラス,ヴェリー・ディオンヌ
イエスタデイズ・ヒーロー,ヴェリー・ディオンヌ
ウォーク・ザ・ウェイ・ユー・トーク,ヴェリー・ディオンヌ
涙でさようなら[ライヴ],ヴェリー・ディオンヌ
ゴーイング・アウト・オブ・マイ・ヘッド(君に夢中),ヴェリー・ディオンヌ
アイ・ゴット・ラヴ,ヴェリー・ディオンヌ
マイ・ビューティフル・ガイ(フー・ゲッツ・ザ・ガイ)(ボーナス・トラック),ヴェリー・ディオンヌ
カリフォルニア(ボーナス・トラック),ヴェリー・ディオンヌ
イフ・アイ・ルールド・ザ・ワールド(ボーナス・トラック),ヴェリー・ディオンヌ
オンリー・ラヴ・キャン・ブレイク・ア・ハート(ボーナス・トラック),ヴェリー・ディオンヌ
涙でさようなら(ボーナス・トラック),ヴェリー・ディオンヌ
イエスタデイズ・ヒーロー(ボーナス・トラック),ヴェリー・ディオンヌ
涙でさようなら[ライヴ/シングル・モノ・ヴァージョン](ボーナス・トラック),ヴェリー・ディオンヌ
ほほえみのグリーン・グラス[シングル・モノ・ヴァージョン](ボーナス・トラック),ヴェリー・ディオンヌ
イエスタデイズ・ヒーロー[シングル・モノ・ヴァージョン](ボーナス・トラック),ヴェリー・ディオンヌ
マイ・ビューティフル・ガイ(フー・ゲッツ・ザ・ガイ)[シングル・モノ・ヴァージョン](ボーナス・トラック),ヴェリー・ディオンヌ
ウォーク・ザ・ウェイ・ユー・トーク[シングル・モノ・ヴァージョン](ボーナス・トラック),ヴェリー・ディオンヌ
アマンダ[シングル・モノ・ヴァージョン](ボーナス・トラック),ヴェリー・ディオンヌ
ヒーズ・ムーヴィング・オン[シングル・モノ・ヴァージョン](ボーナス・トラック),ヴェリー・ディオンヌ
やさしい雨,SONG FOR YOU
しあわせ嫌い,SONG FOR YOU
最後でいい,SONG FOR YOU
ひとりとひとり,SONG FOR YOU
せまい部屋,SONG FOR YOU
夜明け(DAYBREAK),SONG FOR YOU
WE'VEONLYJUSTBEGUN,SONG FOR YOU
SING,SONG FOR YOU
思い出を作ろう<ボーナス・トラック>,SONG FOR YOU
風のように砂のように<ボーナス・トラック>,SONG FOR YOU
碧空(あおぞら)<ボーナス・トラック>,SONG FOR YOU
ホワイ・ドント・ユー・ドゥ・ライト,エヴリシング・マスト・チェンジ,エヴリシング・マスト・チェンジ(紙ジャケット仕様)(HYB)
アイ・ラヴ・ユー・ポーギー,エヴリシング・マスト・チェンジ,エヴリシング・マスト・チェンジ(紙ジャケット仕様)(HYB)
ハウ・ハイ・ザ・ムーン,エヴリシング・マスト・チェンジ,エヴリシング・マスト・チェンジ(紙ジャケット仕様)(HYB)
テル・ミー・モア・アンド・モア・アンド・ゼン・サム,エヴリシング・マスト・チェンジ,エヴリシング・マスト・チェンジ(紙ジャケット仕様)(HYB)
ラブ・フォー・セール,エヴリシング・マスト・チェンジ
ザ・ニアネス・オブ・ユー,エヴリシング・マスト・チェンジ,エヴリシング・マスト・チェンジ(紙ジャケット仕様)(HYB)
イパネマの娘,エヴリシング・マスト・チェンジ,ポピュラー30年史 ユウ・アー・マイ・サンシャインからマイ・ウェイまで,エヴリシング・マスト・チェンジ(紙ジャケット仕様)(HYB)
ルッキング・バック,エヴリシング・マスト・チェンジ,エヴリシング・マスト・チェンジ(紙ジャケット仕様)(HYB)
チェンジ・ザ・ワールド,A CAPPELLA
オーヴァージョイド,A CAPPELLA
エニーホェアー・イズ,A CAPPELLA
G線上のアリア,A CAPPELLA
ボラーレ,A CAPPELLA
アメイジング・グレース,A CAPPELLA
サタデイズ・チャイルド(MONO),ゼアズ・ア・カインド・オブ・ハッシュ +19
イフ・ユーアー・シンキング・ホワット・アイム・シンキング(MONO),ゼアズ・ア・カインド・オブ・ハッシュ +19
いつまでも二人で(MONO),ゼアズ・ア・カインド・オブ・ハッシュ +19
ダンディ(MONO),ゼアズ・ア・カインド・オブ・ハッシュ +19
イゼベル(MONO),ゼアズ・ア・カインド・オブ・ハッシュ +19
ノー・ミルク・トゥデイ(MONO),ゼアズ・ア・カインド・オブ・ハッシュ +19
リトル・ミス・ソロウ、チャイルド・オブ・トゥモロウ(MONO),ゼアズ・ア・カインド・オブ・ハッシュ +19
ガスライト・ストリート(MONO),ゼアズ・ア・カインド・オブ・ハッシュ +19
ラトラー(MONO),ゼアズ・ア・カインド・オブ・ハッシュ +19
イースト・ウエスト(MONO),ゼアズ・ア・カインド・オブ・ハッシュ +19
イッツ・ナイス・トゥ・ビー・アウト・イン・ザ・モーニング(ボーナス・トラック),ゼアズ・ア・カインド・オブ・ハッシュ +19
ホリデイ・イン(ボーナス・トラック),ゼアズ・ア・カインド・オブ・ハッシュ +19
ウー、シーズ・ダン・イット・アゲイン(ボーナス・トラック),ゼアズ・ア・カインド・オブ・ハッシュ +19
レモン・アンド・ライム(ボーナス・トラック),ゼアズ・ア・カインド・オブ・ハッシュ +19
ザ・モスト・ビューティフル・シング・イン・マイ・ライフ(ボーナス・トラック),ゼアズ・ア・カインド・オブ・ハッシュ +19
デイジー・チェインPARTI(ボーナス・トラック),ゼアズ・ア・カインド・オブ・ハッシュ +19
デイジー・チェインPARTII(ボーナス・トラック),ゼアズ・ア・カインド・オブ・ハッシュ +19
ウェイト・フォー・ミー、ヒア・アイ・カム(MONO)(日本初CD化)(ボーナス・トラック),ゼアズ・ア・カインド・オブ・ハッシュ +19
ア・イヤー・アゴー・トゥデイ(MONO)(日本初CD化)(ボーナス・トラック),ゼアズ・ア・カインド・オブ・ハッシュ +19
ザ・コールダー・イット・ゲッツ(MONO)(日本初CD化)(ボーナス・トラック),ゼアズ・ア・カインド・オブ・ハッシュ +19
ビッグ・シップ(日本初CD化)(ボーナス・トラック),ゼアズ・ア・カインド・オブ・ハッシュ +19
スリーピー・ジョー(MONO)(ボーナス・トラック),ゼアズ・ア・カインド・オブ・ハッシュ +19
ジャスト・ワン・ガール(MONO)(ボーナス・トラック),ゼアズ・ア・カインド・オブ・ハッシュ +19
サンシャイン・ガール(MONO)(ボーナス・トラック),ゼアズ・ア・カインド・オブ・ハッシュ +19
ノーバディ・ニーズ・トゥ・ノウ(MONO)(ボーナス・トラック),ゼアズ・ア・カインド・オブ・ハッシュ +19
恋はハプニング(MONO)(ボーナス・トラック),ゼアズ・ア・カインド・オブ・ハッシュ +19
マイ・センティメンタル・フレンド(MONO)(ボーナス・トラック),ゼアズ・ア・カインド・オブ・ハッシュ +19
マイ・レディ(MONO)(ボーナス・トラック),ゼアズ・ア・カインド・オブ・ハッシュ +19
グリーン・グリーン・ロッキー・ロード(日本初CD化)(ボーナス・トラック),ゼアズ・ア・カインド・オブ・ハッシュ +19
フォトグラフ,アンフォゲッタブル
君を称える言葉もない,アンフォゲッタブル
ブレイム・イット・オン・マイ・ユース,アンフォゲッタブル
クロス・トゥー・ユー,アンフォゲッタブル
愛の重荷,アンフォゲッタブル
今ひとたびの,アンフォゲッタブル
レット・ミー・ラヴ・ユー,アンフォゲッタブル
ロンリー・タウン,アンフォゲッタブル
ユー・アー・マイ・エヴリシング,アンフォゲッタブル
私はあなたのもの,アンフォゲッタブル
アイズ・オブ・ザ・ムーン,アンフォゲッタブル
ゲット・ヒア,ソングズ・オブ・アワ・タイム
アイ・キャント・メイク・ユー・ラブ・ミー,ソングズ・オブ・アワ・タイム
イット・マイト・ビー・ユー,ソングズ・オブ・アワ・タイム
ウィル・ユー・スティル・ラブ・ミー・トゥモロー,ソングズ・オブ・アワ・タイム
ハート・オブ・ザ・マター,ソングズ・オブ・アワ・タイム
タイム・アフター・タイム,ソングズ・オブ・アワ・タイム
青春の光と影,ソングズ・オブ・アワ・タイム
コーリング・ユー,ソングズ・オブ・アワ・タイム
エリー・マイ・ラブ,ソングズ・オブ・アワ・タイム
フィラデルフィアより愛をこめて,R40'S SURE THINGS!! 本命洋楽カバー集〜イエスタディ・ワンス・モア
グルーヴィン,R40'S SURE THINGS!! 本命洋楽カバー集〜イエスタディ・ワンス・モア
オー・ダーリン,R40'S SURE THINGS!! 本命洋楽カバー集〜イエスタディ・ワンス・モア
やさしく愛して,R40'S SURE THINGS!! 本命洋楽カバー集〜イエスタディ・ワンス・モア
悲しき叫び,R40'S SURE THINGS!! 本命洋楽カバー集〜イエスタディ・ワンス・モア
悲しき願い,R40'S SURE THINGS!! 本命洋楽カバー集〜イエスタディ・ワンス・モア
サンシャイン,R40'S SURE THINGS!! 本命洋楽カバー集〜イエスタディ・ワンス・モア
ムーンライト・セレナーデ,R40'S SURE THINGS!! 本命洋楽カバー集〜イエスタディ・ワンス・モア
プリテンド,R40'S SURE THINGS!! 本命洋楽カバー集〜イエスタディ・ワンス・モア
イン・マイ・ライフ,R40'S SURE THINGS!! 本命洋楽カバー集〜イエスタディ・ワンス・モア
オール・アイ・ウォント,R40'S SURE THINGS!! 本命洋楽カバー集〜イエスタディ・ワンス・モア
変わらぬ想い,R40'S SURE THINGS!! 本命洋楽カバー集〜イエスタディ・ワンス・モア
世界の果て,R40'S SURE THINGS!! 本命洋楽カバー集〜イエスタディ・ワンス・モア
OneLove/PeopleGetReady,RESORT WEDDING STYLE
Baby,ILoveYourWay,RESORT WEDDING STYLE
Stickwitu,RESORT WEDDING STYLE
GoodTime,RESORT WEDDING STYLE
CallMeMaybe,RESORT WEDDING STYLE
MarryYou,RESORT WEDDING STYLE
LetItBe,RESORT WEDDING STYLE
恋におちて-FallinLove(英語ヴァージョン),トレンディ・ラヴァーズ
あなたにいてほしい,トレンディ・ラヴァーズ
イフ・ウィ・ホールド・オン・トゥゲザー,トレンディ・ラヴァーズ
グッバイ・イエロー・ブリック・ロード,トレンディ・ラヴァーズ
冬の散歩道,トレンディ・ラヴァーズ
無造作紳士,トレンディ・ラヴァーズ
ラヴァーズ・コンチェルト,トレンディ・ラヴァーズ
アイ・キャン・シー・クリアリー・ナウ,トレンディ・ラヴァーズ
TokyoJoe,トレンディ・ラヴァーズ
ベン,トレンディ・ラヴァーズ
SummerSnow,トレンディ・ラヴァーズ
オンリー・ラヴ,トレンディ・ラヴァーズ
ウィアー・オール・アローン,yours;Gift
亜麻色の髪の乙女,yours;Gift
誰も寝てはならぬ(オペラ≪トゥーランドット≫より),yours;Gift
ホワット・ア・ワンダフル・ワールド,yours;Gift
ユー・レイズ・ミー・アップ,yours;Gift
悲愴(ピアノ・ソナタ第8番≪悲愴≫〜第2楽章より),yours;Gift
シー,yours;Gift
上を向いて歩こう(feat.山下洋輔),yours;Gift
ふるさと,yours;Gift
夏の思い出,yours;Gift
ベン(TBSテレビ系『あいくるしい』主題歌(05)),ドラマチック デイズ〜ベスト・オブ・TVドラマ
チキチータ(TBSテレビ系『ストロベリー・オンザ・ショートケーキ』オープニングテーマ(01)),ドラマチック デイズ〜ベスト・オブ・TVドラマ
スマイル(フジテレビ系『空から降る一億の星』主題歌(02)),ドラマチック デイズ〜ベスト・オブ・TVドラマ
無造作紳士(TBSテレビ系『美しい人』主題歌(99)),ドラマチック デイズ〜ベスト・オブ・TVドラマ
アルフィー(TBSテレビ系『協奏曲』主題歌(96)),ドラマチック デイズ〜ベスト・オブ・TVドラマ
ムーンライト・セレナーデ(フジテレビ系『シングルス』主題歌(97)),ドラマチック デイズ〜ベスト・オブ・TVドラマ
ジョイ・トゥ・ザ・ワールド(喜びの世界)(フジテレビ系『ランチの女王』主題歌(02)),ドラマチック デイズ〜ベスト・オブ・TVドラマ
シュガー・ベイビー・ラヴ(フジテレビ系『ウォーターボーイズ』挿入歌(03)),ドラマチック デイズ〜ベスト・オブ・TVドラマ
デジャ・ヴ(TBSテレビ系『男女7人夏物語』挿入歌(86)),ドラマチック デイズ〜ベスト・オブ・TVドラマ
冬の散歩道(TBSテレビ系『人間・失格』挿入歌(94)),ドラマチック デイズ〜ベスト・オブ・TVドラマ
夢のカリフォルニア(TBSテレビ系『夢のカリフォルニア』イメージテーマ(02)),ドラマチック デイズ〜ベスト・オブ・TVドラマ
グッバイ・イエロー・ブリック・ロード(フジテレビ系『太陽は沈まない』主題歌(00)),ドラマチック デイズ〜ベスト・オブ・TVドラマ
ラジオ・スターの悲劇(フジテレビ系『東京ラブ・シネマ』挿入歌(03)),ドラマチック デイズ〜ベスト・オブ・TVドラマ
恋の嵐(TBSテレビ系『バツ彼』主題歌(04)),ドラマチック デイズ〜ベスト・オブ・TVドラマ
あなたにいてほしい(TBSテレビ系『真昼の月』主題歌(96)),ドラマチック デイズ〜ベスト・オブ・TVドラマ
SummerSnow(TBSテレビ系『SummerSnow』イメージテーマ(00)),ドラマチック デイズ〜ベスト・オブ・TVドラマ
オンリー・ラヴ(TBSテレビ系『百年の物語』主題歌(00)),ドラマチック デイズ〜ベスト・オブ・TVドラマ
イフ・ウィ・ホールド・オン・トゥゲザー(TBSテレビ系『想い出にかわるまで』主題歌(90)),ドラマチック デイズ〜ベスト・オブ・TVドラマ
アメイジング・グレイス(フジテレビ系『白い巨塔』主題歌(03/04)),ドラマチック デイズ〜ベスト・オブ・TVドラマ
YOURSONG(僕の歌は君の歌)(テレビ朝日系『イグアナの娘』主題歌(96)),ドラマチック デイズ〜ベスト・オブ・TVドラマ
オール・アット・ワンス(日本テレビ系『八月のラブソング』主題歌(96)),ドラマチック デイズ〜ベスト・オブ・TVドラマ
ヒーロー(フジテレビ系『恋するトップレディ』主題歌(02)),ドラマチック デイズ〜ベスト・オブ・TVドラマ
君さえいれば(フジテレビ系『東京湾景』主題歌(04)),ドラマチック デイズ〜ベスト・オブ・TVドラマ
ラヴァーズ・コンチェルト(フジテレビ系『不機嫌なジーン』挿入歌(05)),ドラマチック デイズ〜ベスト・オブ・TVドラマ
シェリーに口づけ(フジテレビ系『ウォーターボーイズ』挿入歌(03)),ドラマチック デイズ〜ベスト・オブ・TVドラマ
S.O.S.(TBSテレビ系『ストロベリー・オンザ・ショートケーキ』エンディングテーマ(01)),ドラマチック デイズ〜ベスト・オブ・TVドラマ
哀しみの影(TBSテレビ系『美しい人』オープニングテーマ(99)),ドラマチック デイズ〜ベスト・オブ・TVドラマ
私の孤独(フジテレビ系『危険な関係』挿入歌(99)),ドラマチック デイズ〜ベスト・オブ・TVドラマ
SEVENANGELS(TBSテレビ系『SummerSnow』イメージテーマ(00)),ドラマチック デイズ〜ベスト・オブ・TVドラマ
アローン・アゲイン(TBSテレビ系『ホームドラマ!』オープニングテーマ(04)),ドラマチック デイズ〜ベスト・オブ・TVドラマ
愛するハーモニー(TBSテレビ系『恋がしたい恋がしたい恋がしたい』挿入歌(01)),ドラマチック デイズ〜ベスト・オブ・TVドラマ
瞳のささやき(フジテレビ系『さよならをもう一度』主題歌(92)),ドラマチック デイズ〜ベスト・オブ・TVドラマ
ゴールデン・ウィングス(TBSテレビ系『男女7人秋物語』挿入歌(87)),ドラマチック デイズ〜ベスト・オブ・TVドラマ
恋のサヴァイヴァル(フジテレビ系『都合のいい女』エンディングテーマ(93)),ドラマチック デイズ〜ベスト・オブ・TVドラマ
君の瞳に恋してる(TBSテレビ系『たのしい幼稚園』主題歌(01)),ドラマチック デイズ〜ベスト・オブ・TVドラマ
ダンシング・クイーン(テレビ朝日系『恋は戦い!』主題歌(03)),ドラマチック デイズ〜ベスト・オブ・TVドラマ
我が心に歌えば,ポピュラー30年史 ユウ・アー・マイ・サンシャインからマイ・ウェイまで
センチメンタル・ジャーニー,ポピュラー30年史 ユウ・アー・マイ・サンシャインからマイ・ウェイまで
ユウ・アー・マイ・サンシャイン,ポピュラー30年史 ユウ・アー・マイ・サンシャインからマイ・ウェイまで
ユウ・ビロング・トゥ・ミー,ポピュラー30年史 ユウ・アー・マイ・サンシャインからマイ・ウェイまで
セプテンバー・ソング,ポピュラー30年史 ユウ・アー・マイ・サンシャインからマイ・ウェイまで
ジャニー・ギター,ポピュラー30年史 ユウ・アー・マイ・サンシャインからマイ・ウェイまで
トゥー・ヤング,ポピュラー30年史 ユウ・アー・マイ・サンシャインからマイ・ウェイまで
火の接吻,ポピュラー30年史 ユウ・アー・マイ・サンシャインからマイ・ウェイまで
ドミノ,ポピュラー30年史 ユウ・アー・マイ・サンシャインからマイ・ウェイまで
オン・ザ・サニー・サイド・オブ・ザ・ストリート,ポピュラー30年史 ユウ・アー・マイ・サンシャインからマイ・ウェイまで
マイ・フーリッシュ・ハート,ポピュラー30年史 ユウ・アー・マイ・サンシャインからマイ・ウェイまで
帰らざる河,ポピュラー30年史 ユウ・アー・マイ・サンシャインからマイ・ウェイまで
チェリー・ピンク・マンボ,ポピュラー30年史 ユウ・アー・マイ・サンシャインからマイ・ウェイまで
旅情(ベニスの夏の日),ポピュラー30年史 ユウ・アー・マイ・サンシャインからマイ・ウェイまで
ケ・セラ・セラ,ポピュラー30年史 ユウ・アー・マイ・サンシャインからマイ・ウェイまで
慕情,ポピュラー30年史 ユウ・アー・マイ・サンシャインからマイ・ウェイまで
遙かなる山の呼び声,ポピュラー30年史 ユウ・アー・マイ・サンシャインからマイ・ウェイまで
愛の泉,ポピュラー30年史 ユウ・アー・マイ・サンシャインからマイ・ウェイまで
ユウ・アー・マイ・ディスティニー(君はわが運命),ポピュラー30年史 ユウ・アー・マイ・サンシャインからマイ・ウェイまで
ラヴ・ミー・テンダー,ポピュラー30年史 ユウ・アー・マイ・サンシャインからマイ・ウェイまで
砂に書いたラヴレター,ポピュラー30年史 ユウ・アー・マイ・サンシャインからマイ・ウェイまで
魅惑の宵,ポピュラー30年史 ユウ・アー・マイ・サンシャインからマイ・ウェイまで
恋の片道切符,ポピュラー30年史 ユウ・アー・マイ・サンシャインからマイ・ウェイまで
いそしぎ,ポピュラー30年史 ユウ・アー・マイ・サンシャインからマイ・ウェイまで
ハワイの結婚の歌,ポピュラー30年史 ユウ・アー・マイ・サンシャインからマイ・ウェイまで
遥かなるアラモ,ポピュラー30年史 ユウ・アー・マイ・サンシャインからマイ・ウェイまで
想い出のサンフランシスコ,ポピュラー30年史 ユウ・アー・マイ・サンシャインからマイ・ウェイまで
ラ・ノビア(泣きぬれて),ポピュラー30年史 ユウ・アー・マイ・サンシャインからマイ・ウェイまで
情熱の花,ポピュラー30年史 ユウ・アー・マイ・サンシャインからマイ・ウェイまで
想い出のグリーン・グラス,ポピュラー30年史 ユウ・アー・マイ・サンシャインからマイ・ウェイまで
アラウンド・ザ・ワールド,ポピュラー30年史 ユウ・アー・マイ・サンシャインからマイ・ウェイまで
雨に濡れても,ポピュラー30年史 ユウ・アー・マイ・サンシャインからマイ・ウェイまで
ゴッドファーザー〜愛のテーマ,ポピュラー30年史 ユウ・アー・マイ・サンシャインからマイ・ウェイまで
ラヴ・ミー・トゥナイト,ポピュラー30年史 ユウ・アー・マイ・サンシャインからマイ・ウェイまで
キャバレー,ポピュラー30年史 ユウ・アー・マイ・サンシャインからマイ・ウェイまで
ラスト・ワルツ,ポピュラー30年史 ユウ・アー・マイ・サンシャインからマイ・ウェイまで
ラヴ・フォー・セール,エヴリシング・マスト・チェンジ(紙ジャケット仕様)(HYB)
