雨の日と月曜日は,カーペンターズ,カーペンターズ・ゴールド,カーペンターズ・ゴールド,イエスタディ・ワンス・モア/カーペンターズ・ゼア・グレイテスト・ヒッツ,青春の輝き〜ベスト・オブ・カーペンターズ,カーペンターズ40/40 〜ベスト・セレクション(通常盤),カーペンターズ 〜20/20 ベスト・オブ・ベスト・セレクション,ベスト・プライス〜カーペンターズ・ベスト,イフ・アイ・ワー・ア・カーペンター〜カーペンターズに捧ぐ,スーパー・ベスト,アンソロジー【Disc.1&Disc.2】,青春の輝き 2〜ラヴ・ソングス,バイ・リクエスト,スーパースター,カーペンターズ,カーペンターズ・ゴールド,カーペンターズ・ゴールド,イエスタディ・ワンス・モア/カーペンターズ・ゼア・グレイテスト・ヒッツ,青春の輝き〜ベスト・オブ・カーペンターズ,カーペンターズ40/40 〜ベスト・セレクション(通常盤),カーペンターズ 〜20/20 ベスト・オブ・ベスト・セレクション,ベスト・プライス〜カーペンターズ・ベスト,イフ・アイ・ワー・ア・カーペンター〜カーペンターズに捧ぐ,スーパー・ベスト,アンソロジー【Disc.1&Disc.2】,青春の輝き 2〜ラヴ・ソングス,バイ・リクエスト,スーパースター,カーペンターズ,カーペンターズ・ゴールド,カーペンターズ・ゴールド,イエスタディ・ワンス・モア/カーペンターズ・ゼア・グレイテスト・ヒッツ,青春の輝き〜ベスト・オブ・カーペンターズ,カーペンターズ40/40 〜ベスト・セレクション(通常盤),カーペンターズ 〜20/20 ベスト・オブ・ベスト・セレクション,ベスト・プライス〜カーペンターズ・ベスト,イフ・アイ・ワー・ア・カーペンター〜カーペンターズに捧ぐ,スーパー・ベスト,アンソロジー【Disc.1&Disc.2】,青春の輝き 2〜ラヴ・ソングス,バイ・リクエスト,スーパースター,カーペンターズ,カーペンターズ・ゴールド,カーペンターズ・ゴールド,イエスタディ・ワンス・モア/カーペンターズ・ゼア・グレイテスト・ヒッツ,青春の輝き〜ベスト・オブ・カーペンターズ,カーペンターズ40/40 〜ベスト・セレクション(通常盤),カーペンターズ 〜20/20 ベスト・オブ・ベスト・セレクション,ベスト・プライス〜カーペンターズ・ベスト,イフ・アイ・ワー・ア・カーペンター〜カーペンターズに捧ぐ,スーパー・ベスト,アンソロジー【Disc.1&Disc.2】,青春の輝き 2〜ラヴ・ソングス,バイ・リクエスト,スーパースター,カーペンターズ,カーペンターズ・ゴールド,カーペンターズ・ゴールド,イエスタディ・ワンス・モア/カーペンターズ・ゼア・グレイテスト・ヒッツ,青春の輝き〜ベスト・オブ・カーペンターズ,カーペンターズ40/40 〜ベスト・セレクション(通常盤),カーペンターズ 〜20/20 ベスト・オブ・ベスト・セレクション,ベスト・プライス〜カーペンターズ・ベスト,イフ・アイ・ワー・ア・カーペンター〜カーペンターズに捧ぐ,スーパー・ベスト,アンソロジー【Disc.1&Disc.2】,青春の輝き 2〜ラヴ・ソングス,バイ・リクエスト,スーパースター,カーペンターズ,カーペンターズ・ゴールド,カーペンターズ・ゴールド,イエスタディ・ワンス・モア/カーペンターズ・ゼア・グレイテスト・ヒッツ,青春の輝き〜ベスト・オブ・カーペンターズ,カーペンターズ40/40 〜ベスト・セレクション(通常盤),カーペンターズ 〜20/20 ベスト・オブ・ベスト・セレクション,ベスト・プライス〜カーペンターズ・ベスト,イフ・アイ・ワー・ア・カーペンター〜カーペンターズに捧ぐ,スーパー・ベスト,アンソロジー【Disc.1&Disc.2】,青春の輝き 2〜ラヴ・ソングス,バイ・リクエスト,スーパースター
サタデイ,カーペンターズ,カーペンターズ,カーペンターズ,カーペンターズ,カーペンターズ,カーペンターズ
あなたの影になりたい,カーペンターズ,カーペンターズ40/40 〜ベスト・セレクション(通常盤),イフ・アイ・ワー・ア・カーペンター〜カーペンターズに捧ぐ,スーパー・ベスト,バイ・リクエスト,スーパースター,カーペンターズ,カーペンターズ40/40 〜ベスト・セレクション(通常盤),イフ・アイ・ワー・ア・カーペンター〜カーペンターズに捧ぐ,スーパー・ベスト,バイ・リクエスト,スーパースター,カーペンターズ,カーペンターズ40/40 〜ベスト・セレクション(通常盤),イフ・アイ・ワー・ア・カーペンター〜カーペンターズに捧ぐ,スーパー・ベスト,バイ・リクエスト,スーパースター,カーペンターズ,カーペンターズ40/40 〜ベスト・セレクション(通常盤),イフ・アイ・ワー・ア・カーペンター〜カーペンターズに捧ぐ,スーパー・ベスト,バイ・リクエスト,スーパースター,カーペンターズ,カーペンターズ40/40 〜ベスト・セレクション(通常盤),イフ・アイ・ワー・ア・カーペンター〜カーペンターズに捧ぐ,スーパー・ベスト,バイ・リクエスト,スーパースター,カーペンターズ,カーペンターズ40/40 〜ベスト・セレクション(通常盤),イフ・アイ・ワー・ア・カーペンター〜カーペンターズに捧ぐ,スーパー・ベスト,バイ・リクエスト,スーパースター
愛は涙のために,カーペンターズ,スーパースター,カーペンターズ,スーパースター,カーペンターズ,スーパースター,カーペンターズ,スーパースター,カーペンターズ,スーパースター,カーペンターズ,スーパースター
ふたりの誓い,カーペンターズ,カーペンターズ・ゴールド,カーペンターズ・ゴールド,カーペンターズ・フォーエバー,イエスタディ・ワンス・モア/カーペンターズ・ゼア・グレイテスト・ヒッツ,青春の輝き〜ベスト・オブ・カーペンターズ,カーペンターズ40/40 〜ベスト・セレクション(通常盤),イエスタデイ・ワンス・モア/カーペンターズ・ゼア・グレイテスト・ヒッツ,カーペンターズ 〜20/20 ベスト・オブ・ベスト・セレクション,ベスト・プライス〜カーペンターズ・ベスト,イフ・アイ・ワー・ア・カーペンター〜カーペンターズに捧ぐ,アンソロジー【Disc.3&Disc.4】,青春の輝き 2〜ラヴ・ソングス,スーパースター,カーペンターズ,カーペンターズ・ゴールド,カーペンターズ・ゴールド,カーペンターズ・フォーエバー,イエスタディ・ワンス・モア/カーペンターズ・ゼア・グレイテスト・ヒッツ,青春の輝き〜ベスト・オブ・カーペンターズ,カーペンターズ40/40 〜ベスト・セレクション(通常盤),イエスタデイ・ワンス・モア/カーペンターズ・ゼア・グレイテスト・ヒッツ,カーペンターズ 〜20/20 ベスト・オブ・ベスト・セレクション,ベスト・プライス〜カーペンターズ・ベスト,イフ・アイ・ワー・ア・カーペンター〜カーペンターズに捧ぐ,アンソロジー【Disc.3&Disc.4】,青春の輝き 2〜ラヴ・ソングス,スーパースター,カーペンターズ,カーペンターズ・ゴールド,カーペンターズ・ゴールド,カーペンターズ・フォーエバー,イエスタディ・ワンス・モア/カーペンターズ・ゼア・グレイテスト・ヒッツ,青春の輝き〜ベスト・オブ・カーペンターズ,カーペンターズ40/40 〜ベスト・セレクション(通常盤),イエスタデイ・ワンス・モア/カーペンターズ・ゼア・グレイテスト・ヒッツ,カーペンターズ 〜20/20 ベスト・オブ・ベスト・セレクション,ベスト・プライス〜カーペンターズ・ベスト,イフ・アイ・ワー・ア・カーペンター〜カーペンターズに捧ぐ,アンソロジー【Disc.3&Disc.4】,青春の輝き 2〜ラヴ・ソングス,スーパースター,カーペンターズ,カーペンターズ・ゴールド,カーペンターズ・ゴールド,カーペンターズ・フォーエバー,イエスタディ・ワンス・モア/カーペンターズ・ゼア・グレイテスト・ヒッツ,青春の輝き〜ベスト・オブ・カーペンターズ,カーペンターズ40/40 〜ベスト・セレクション(通常盤),イエスタデイ・ワンス・モア/カーペンターズ・ゼア・グレイテスト・ヒッツ,カーペンターズ 〜20/20 ベスト・オブ・ベスト・セレクション,ベスト・プライス〜カーペンターズ・ベスト,イフ・アイ・ワー・ア・カーペンター〜カーペンターズに捧ぐ,アンソロジー【Disc.3&Disc.4】,青春の輝き 2〜ラヴ・ソングス,スーパースター,カーペンターズ,カーペンターズ・ゴールド,カーペンターズ・ゴールド,カーペンターズ・フォーエバー,イエスタディ・ワンス・モア/カーペンターズ・ゼア・グレイテスト・ヒッツ,青春の輝き〜ベスト・オブ・カーペンターズ,カーペンターズ40/40 〜ベスト・セレクション(通常盤),イエスタデイ・ワンス・モア/カーペンターズ・ゼア・グレイテスト・ヒッツ,カーペンターズ 〜20/20 ベスト・オブ・ベスト・セレクション,ベスト・プライス〜カーペンターズ・ベスト,イフ・アイ・ワー・ア・カーペンター〜カーペンターズに捧ぐ,アンソロジー【Disc.3&Disc.4】,青春の輝き 2〜ラヴ・ソングス,スーパースター,カーペンターズ,カーペンターズ・ゴールド,カーペンターズ・ゴールド,カーペンターズ・フォーエバー,イエスタディ・ワンス・モア/カーペンターズ・ゼア・グレイテスト・ヒッツ,青春の輝き〜ベスト・オブ・カーペンターズ,カーペンターズ40/40 〜ベスト・セレクション(通常盤),イエスタデイ・ワンス・モア/カーペンターズ・ゼア・グレイテスト・ヒッツ,カーペンターズ 〜20/20 ベスト・オブ・ベスト・セレクション,ベスト・プライス〜カーペンターズ・ベスト,イフ・アイ・ワー・ア・カーペンター〜カーペンターズに捧ぐ,アンソロジー【Disc.3&Disc.4】,青春の輝き 2〜ラヴ・ソングス,スーパースター
スーパースター,カーペンターズ,カーペンターズ・ゴールド,カーペンターズ・ゴールド,カーペンターズ・フォーエバー,イエスタディ・ワンス・モア/カーペンターズ・ゼア・グレイテスト・ヒッツ,青春の輝き〜ベスト・オブ・カーペンターズ,カーペンターズ40/40 〜ベスト・セレクション(通常盤),カーペンターズ 〜20/20 ベスト・オブ・ベスト・セレクション,ベスト・プライス〜カーペンターズ・ベスト,イフ・アイ・ワー・ア・カーペンター〜カーペンターズに捧ぐ,スーパー・ベスト,アンソロジー【Disc.1&Disc.2】,青春の輝き 2〜ラヴ・ソングス,バイ・リクエスト,スーパースター,カーペンターズ,カーペンターズ・ゴールド,カーペンターズ・ゴールド,カーペンターズ・フォーエバー,イエスタディ・ワンス・モア/カーペンターズ・ゼア・グレイテスト・ヒッツ,青春の輝き〜ベスト・オブ・カーペンターズ,カーペンターズ40/40 〜ベスト・セレクション(通常盤),カーペンターズ 〜20/20 ベスト・オブ・ベスト・セレクション,ベスト・プライス〜カーペンターズ・ベスト,イフ・アイ・ワー・ア・カーペンター〜カーペンターズに捧ぐ,スーパー・ベスト,アンソロジー【Disc.1&Disc.2】,青春の輝き 2〜ラヴ・ソングス,バイ・リクエスト,スーパースター,カーペンターズ,カーペンターズ・ゴールド,カーペンターズ・ゴールド,カーペンターズ・フォーエバー,イエスタディ・ワンス・モア/カーペンターズ・ゼア・グレイテスト・ヒッツ,青春の輝き〜ベスト・オブ・カーペンターズ,カーペンターズ40/40 〜ベスト・セレクション(通常盤),カーペンターズ 〜20/20 ベスト・オブ・ベスト・セレクション,ベスト・プライス〜カーペンターズ・ベスト,イフ・アイ・ワー・ア・カーペンター〜カーペンターズに捧ぐ,スーパー・ベスト,アンソロジー【Disc.1&Disc.2】,青春の輝き 2〜ラヴ・ソングス,バイ・リクエスト,スーパースター,カーペンターズ,カーペンターズ・ゴールド,カーペンターズ・ゴールド,カーペンターズ・フォーエバー,イエスタディ・ワンス・モア/カーペンターズ・ゼア・グレイテスト・ヒッツ,青春の輝き〜ベスト・オブ・カーペンターズ,カーペンターズ40/40 〜ベスト・セレクション(通常盤),カーペンターズ 〜20/20 ベスト・オブ・ベスト・セレクション,ベスト・プライス〜カーペンターズ・ベスト,イフ・アイ・ワー・ア・カーペンター〜カーペンターズに捧ぐ,スーパー・ベスト,アンソロジー【Disc.1&Disc.2】,青春の輝き 2〜ラヴ・ソングス,バイ・リクエスト,スーパースター,カーペンターズ,カーペンターズ・ゴールド,カーペンターズ・ゴールド,カーペンターズ・フォーエバー,イエスタディ・ワンス・モア/カーペンターズ・ゼア・グレイテスト・ヒッツ,青春の輝き〜ベスト・オブ・カーペンターズ,カーペンターズ40/40 〜ベスト・セレクション(通常盤),カーペンターズ 〜20/20 ベスト・オブ・ベスト・セレクション,ベスト・プライス〜カーペンターズ・ベスト,イフ・アイ・ワー・ア・カーペンター〜カーペンターズに捧ぐ,スーパー・ベスト,アンソロジー【Disc.1&Disc.2】,青春の輝き 2〜ラヴ・ソングス,バイ・リクエスト,スーパースター,カーペンターズ,カーペンターズ・ゴールド,カーペンターズ・ゴールド,カーペンターズ・フォーエバー,イエスタディ・ワンス・モア/カーペンターズ・ゼア・グレイテスト・ヒッツ,青春の輝き〜ベスト・オブ・カーペンターズ,カーペンターズ40/40 〜ベスト・セレクション(通常盤),カーペンターズ 〜20/20 ベスト・オブ・ベスト・セレクション,ベスト・プライス〜カーペンターズ・ベスト,イフ・アイ・ワー・ア・カーペンター〜カーペンターズに捧ぐ,スーパー・ベスト,アンソロジー【Disc.1&Disc.2】,青春の輝き 2〜ラヴ・ソングス,バイ・リクエスト,スーパースター
ドリシラ・ペニー,カーペンターズ,スーパースター,カーペンターズ,スーパースター,カーペンターズ,スーパースター,カーペンターズ,スーパースター,カーペンターズ,スーパースター,カーペンターズ,スーパースター
ワン・ラヴ,カーペンターズ,スーパー・ベスト,バイ・リクエスト,スーパースター,カーペンターズ,スーパー・ベスト,バイ・リクエスト,スーパースター,カーペンターズ,スーパー・ベスト,バイ・リクエスト,スーパースター,カーペンターズ,スーパー・ベスト,バイ・リクエスト,スーパースター,カーペンターズ,スーパー・ベスト,バイ・リクエスト,スーパースター,カーペンターズ,スーパー・ベスト,バイ・リクエスト,スーパースター
バカラック・メドレー;去りし時を知って|涙でさようなら|愛の想い出|恋よさようなら|ウォーク・オン・バイ|サン・ホセへの道,カーペンターズ,カーペンターズ,カーペンターズ,カーペンターズ,カーペンターズ,カーペンターズ
サムタイムス,カーペンターズ,スーパー・ベスト,アンソロジー【Disc.3&Disc.4】,バイ・リクエスト,スーパースター,カーペンターズ,スーパー・ベスト,アンソロジー【Disc.3&Disc.4】,バイ・リクエスト,スーパースター,カーペンターズ,スーパー・ベスト,アンソロジー【Disc.3&Disc.4】,バイ・リクエスト,スーパースター,カーペンターズ,スーパー・ベスト,アンソロジー【Disc.3&Disc.4】,バイ・リクエスト,スーパースター,カーペンターズ,スーパー・ベスト,アンソロジー【Disc.3&Disc.4】,バイ・リクエスト,スーパースター,カーペンターズ,スーパー・ベスト,アンソロジー【Disc.3&Disc.4】,バイ・リクエスト,スーパースター
トップ・オブ・ザ・ワールド,トップ オブ ザ ワールド〜カーペンターズ,トップ オブ ザ ワールド〜カーペンターズ,カーペンターズ・ゴールド,カーペンターズ・ゴールド,カーペンターズ・フォーエバー,イエスタディ・ワンス・モア/カーペンターズ・ゼア・グレイテスト・ヒッツ,青春の輝き〜ベスト・オブ・カーペンターズ,カーペンターズ40/40 〜ベスト・セレクション(通常盤),カーペンターズ 〜20/20 ベスト・オブ・ベスト・セレクション,ベスト・プライス〜カーペンターズ・ベスト,イフ・アイ・ワー・ア・カーペンター〜カーペンターズに捧ぐ,スーパー・ベスト,トップ・オブ・ザ・ワールド,トップ・オブ・ザ・ワールド,トップ・オブ・ザ・ワールド,アンソロジー【Disc.1&Disc.2】,青春の輝き 2〜ラヴ・ソングス,バイ・リクエスト,ア・ソング・フォー・ユー,トップ オブ ザ ワールド〜カーペンターズ,トップ オブ ザ ワールド〜カーペンターズ,カーペンターズ・ゴールド,カーペンターズ・ゴールド,カーペンターズ・フォーエバー,イエスタディ・ワンス・モア/カーペンターズ・ゼア・グレイテスト・ヒッツ,青春の輝き〜ベスト・オブ・カーペンターズ,カーペンターズ40/40 〜ベスト・セレクション(通常盤),カーペンターズ 〜20/20 ベスト・オブ・ベスト・セレクション,ベスト・プライス〜カーペンターズ・ベスト,イフ・アイ・ワー・ア・カーペンター〜カーペンターズに捧ぐ,スーパー・ベスト,トップ・オブ・ザ・ワールド,トップ・オブ・ザ・ワールド,トップ・オブ・ザ・ワールド,アンソロジー【Disc.1&Disc.2】,青春の輝き 2〜ラヴ・ソングス,バイ・リクエスト,ア・ソング・フォー・ユー,トップ オブ ザ ワールド〜カーペンターズ,トップ オブ ザ ワールド〜カーペンターズ,カーペンターズ・ゴールド,カーペンターズ・ゴールド,カーペンターズ・フォーエバー,イエスタディ・ワンス・モア/カーペンターズ・ゼア・グレイテスト・ヒッツ,青春の輝き〜ベスト・オブ・カーペンターズ,カーペンターズ40/40 〜ベスト・セレクション(通常盤),カーペンターズ 〜20/20 ベスト・オブ・ベスト・セレクション,ベスト・プライス〜カーペンターズ・ベスト,イフ・アイ・ワー・ア・カーペンター〜カーペンターズに捧ぐ,スーパー・ベスト,トップ・オブ・ザ・ワールド,トップ・オブ・ザ・ワールド,トップ・オブ・ザ・ワールド,アンソロジー【Disc.1&Disc.2】,青春の輝き 2〜ラヴ・ソングス,バイ・リクエスト,ア・ソング・フォー・ユー,トップ オブ ザ ワールド〜カーペンターズ,トップ オブ ザ ワールド〜カーペンターズ,カーペンターズ・ゴールド,カーペンターズ・ゴールド,カーペンターズ・フォーエバー,イエスタディ・ワンス・モア/カーペンターズ・ゼア・グレイテスト・ヒッツ,青春の輝き〜ベスト・オブ・カーペンターズ,カーペンターズ40/40 〜ベスト・セレクション(通常盤),カーペンターズ 〜20/20 ベスト・オブ・ベスト・セレクション,ベスト・プライス〜カーペンターズ・ベスト,イフ・アイ・ワー・ア・カーペンター〜カーペンターズに捧ぐ,スーパー・ベスト,トップ・オブ・ザ・ワールド,トップ・オブ・ザ・ワールド,トップ・オブ・ザ・ワールド,アンソロジー【Disc.1&Disc.2】,青春の輝き 2〜ラヴ・ソングス,バイ・リクエスト,ア・ソング・フォー・ユー,トップ オブ ザ ワールド〜カーペンターズ,トップ オブ ザ ワールド〜カーペンターズ,カーペンターズ・ゴールド,カーペンターズ・ゴールド,カーペンターズ・フォーエバー,イエスタディ・ワンス・モア/カーペンターズ・ゼア・グレイテスト・ヒッツ,青春の輝き〜ベスト・オブ・カーペンターズ,カーペンターズ40/40 〜ベスト・セレクション(通常盤),カーペンターズ 〜20/20 ベスト・オブ・ベスト・セレクション,ベスト・プライス〜カーペンターズ・ベスト,イフ・アイ・ワー・ア・カーペンター〜カーペンターズに捧ぐ,スーパー・ベスト,トップ・オブ・ザ・ワールド,トップ・オブ・ザ・ワールド,トップ・オブ・ザ・ワールド,アンソロジー【Disc.1&Disc.2】,青春の輝き 2〜ラヴ・ソングス,バイ・リクエスト,ア・ソング・フォー・ユー,トップ オブ ザ ワールド〜カーペンターズ,トップ オブ ザ ワールド〜カーペンターズ,カーペンターズ・ゴールド,カーペンターズ・ゴールド,カーペンターズ・フォーエバー,イエスタディ・ワンス・モア/カーペンターズ・ゼア・グレイテスト・ヒッツ,青春の輝き〜ベスト・オブ・カーペンターズ,カーペンターズ40/40 〜ベスト・セレクション(通常盤),カーペンターズ 〜20/20 ベスト・オブ・ベスト・セレクション,ベスト・プライス〜カーペンターズ・ベスト,イフ・アイ・ワー・ア・カーペンター〜カーペンターズに捧ぐ,スーパー・ベスト,トップ・オブ・ザ・ワールド,トップ・オブ・ザ・ワールド,トップ・オブ・ザ・ワールド,アンソロジー【Disc.1&Disc.2】,青春の輝き 2〜ラヴ・ソングス,バイ・リクエスト,ア・ソング・フォー・ユー
青春の輝き,トップ オブ ザ ワールド〜カーペンターズ,トップ オブ ザ ワールド〜カーペンターズ,カーペンターズ・ゴールド,カーペンターズ・ゴールド,青春の輝き〜ベスト・オブ・カーペンターズ,カーペンターズ40/40 〜ベスト・セレクション(通常盤),カーペンターズ 〜20/20 ベスト・オブ・ベスト・セレクション,ベスト・プライス〜カーペンターズ・ベスト,スーパー・ベスト,アンソロジー【Disc.3&Disc.4】,青春の輝き 2〜ラヴ・ソングス,バイ・リクエスト,見つめあう恋,トップ オブ ザ ワールド〜カーペンターズ,トップ オブ ザ ワールド〜カーペンターズ,カーペンターズ・ゴールド,カーペンターズ・ゴールド,青春の輝き〜ベスト・オブ・カーペンターズ,カーペンターズ40/40 〜ベスト・セレクション(通常盤),カーペンターズ 〜20/20 ベスト・オブ・ベスト・セレクション,ベスト・プライス〜カーペンターズ・ベスト,スーパー・ベスト,アンソロジー【Disc.3&Disc.4】,青春の輝き 2〜ラヴ・ソングス,バイ・リクエスト,見つめあう恋,トップ オブ ザ ワールド〜カーペンターズ,トップ オブ ザ ワールド〜カーペンターズ,カーペンターズ・ゴールド,カーペンターズ・ゴールド,青春の輝き〜ベスト・オブ・カーペンターズ,カーペンターズ40/40 〜ベスト・セレクション(通常盤),カーペンターズ 〜20/20 ベスト・オブ・ベスト・セレクション,ベスト・プライス〜カーペンターズ・ベスト,スーパー・ベスト,アンソロジー【Disc.3&Disc.4】,青春の輝き 2〜ラヴ・ソングス,バイ・リクエスト,見つめあう恋,トップ オブ ザ ワールド〜カーペンターズ,トップ オブ ザ ワールド〜カーペンターズ,カーペンターズ・ゴールド,カーペンターズ・ゴールド,青春の輝き〜ベスト・オブ・カーペンターズ,カーペンターズ40/40 〜ベスト・セレクション(通常盤),カーペンターズ 〜20/20 ベスト・オブ・ベスト・セレクション,ベスト・プライス〜カーペンターズ・ベスト,スーパー・ベスト,アンソロジー【Disc.3&Disc.4】,青春の輝き 2〜ラヴ・ソングス,バイ・リクエスト,見つめあう恋,トップ オブ ザ ワールド〜カーペンターズ,トップ オブ ザ ワールド〜カーペンターズ,カーペンターズ・ゴールド,カーペンターズ・ゴールド,青春の輝き〜ベスト・オブ・カーペンターズ,カーペンターズ40/40 〜ベスト・セレクション(通常盤),カーペンターズ 〜20/20 ベスト・オブ・ベスト・セレクション,ベスト・プライス〜カーペンターズ・ベスト,スーパー・ベスト,アンソロジー【Disc.3&Disc.4】,青春の輝き 2〜ラヴ・ソングス,バイ・リクエスト,見つめあう恋,トップ オブ ザ ワールド〜カーペンターズ,トップ オブ ザ ワールド〜カーペンターズ,カーペンターズ・ゴールド,カーペンターズ・ゴールド,青春の輝き〜ベスト・オブ・カーペンターズ,カーペンターズ40/40 〜ベスト・セレクション(通常盤),カーペンターズ 〜20/20 ベスト・オブ・ベスト・セレクション,ベスト・プライス〜カーペンターズ・ベスト,スーパー・ベスト,アンソロジー【Disc.3&Disc.4】,青春の輝き 2〜ラヴ・ソングス,バイ・リクエスト,見つめあう恋
イエスタデイ・ワンス・モア,トップ オブ ザ ワールド〜カーペンターズ,トップ オブ ザ ワールド〜カーペンターズ,カーペンターズ・ゴールド,カーペンターズ・ゴールド,カーペンターズ・フォーエバー,イエスタディ・ワンス・モア/カーペンターズ・ゼア・グレイテスト・ヒッツ,青春の輝き〜ベスト・オブ・カーペンターズ,カーペンターズ40/40 〜ベスト・セレクション(通常盤),カーペンターズ 〜20/20 ベスト・オブ・ベスト・セレクション,ベスト・プライス〜カーペンターズ・ベスト,イフ・アイ・ワー・ア・カーペンター〜カーペンターズに捧ぐ,イエスタディ・ワンス・モア,イエスタディ・ワンス・モア,スーパー・ベスト,バイ・リクエスト,ナウ・アンド・ゼン,ナウ・アンド・ゼン,トップ オブ ザ ワールド〜カーペンターズ,トップ オブ ザ ワールド〜カーペンターズ,カーペンターズ・ゴールド,カーペンターズ・ゴールド,カーペンターズ・フォーエバー,イエスタディ・ワンス・モア/カーペンターズ・ゼア・グレイテスト・ヒッツ,青春の輝き〜ベスト・オブ・カーペンターズ,カーペンターズ40/40 〜ベスト・セレクション(通常盤),カーペンターズ 〜20/20 ベスト・オブ・ベスト・セレクション,ベスト・プライス〜カーペンターズ・ベスト,イフ・アイ・ワー・ア・カーペンター〜カーペンターズに捧ぐ,イエスタディ・ワンス・モア,イエスタディ・ワンス・モア,スーパー・ベスト,バイ・リクエスト,ナウ・アンド・ゼン,ナウ・アンド・ゼン,トップ オブ ザ ワールド〜カーペンターズ,トップ オブ ザ ワールド〜カーペンターズ,カーペンターズ・ゴールド,カーペンターズ・ゴールド,カーペンターズ・フォーエバー,イエスタディ・ワンス・モア/カーペンターズ・ゼア・グレイテスト・ヒッツ,青春の輝き〜ベスト・オブ・カーペンターズ,カーペンターズ40/40 〜ベスト・セレクション(通常盤),カーペンターズ 〜20/20 ベスト・オブ・ベスト・セレクション,ベスト・プライス〜カーペンターズ・ベスト,イフ・アイ・ワー・ア・カーペンター〜カーペンターズに捧ぐ,イエスタディ・ワンス・モア,イエスタディ・ワンス・モア,スーパー・ベスト,バイ・リクエスト,ナウ・アンド・ゼン,ナウ・アンド・ゼン,トップ オブ ザ ワールド〜カーペンターズ,トップ オブ ザ ワールド〜カーペンターズ,カーペンターズ・ゴールド,カーペンターズ・ゴールド,カーペンターズ・フォーエバー,イエスタディ・ワンス・モア/カーペンターズ・ゼア・グレイテスト・ヒッツ,青春の輝き〜ベスト・オブ・カーペンターズ,カーペンターズ40/40 〜ベスト・セレクション(通常盤),カーペンターズ 〜20/20 ベスト・オブ・ベスト・セレクション,ベスト・プライス〜カーペンターズ・ベスト,イフ・アイ・ワー・ア・カーペンター〜カーペンターズに捧ぐ,イエスタディ・ワンス・モア,イエスタディ・ワンス・モア,スーパー・ベスト,バイ・リクエスト,ナウ・アンド・ゼン,ナウ・アンド・ゼン,トップ オブ ザ ワールド〜カーペンターズ,トップ オブ ザ ワールド〜カーペンターズ,カーペンターズ・ゴールド,カーペンターズ・ゴールド,カーペンターズ・フォーエバー,イエスタディ・ワンス・モア/カーペンターズ・ゼア・グレイテスト・ヒッツ,青春の輝き〜ベスト・オブ・カーペンターズ,カーペンターズ40/40 〜ベスト・セレクション(通常盤),カーペンターズ 〜20/20 ベスト・オブ・ベスト・セレクション,ベスト・プライス〜カーペンターズ・ベスト,イフ・アイ・ワー・ア・カーペンター〜カーペンターズに捧ぐ,イエスタディ・ワンス・モア,イエスタディ・ワンス・モア,スーパー・ベスト,バイ・リクエスト,ナウ・アンド・ゼン,ナウ・アンド・ゼン,トップ オブ ザ ワールド〜カーペンターズ,トップ オブ ザ ワールド〜カーペンターズ,カーペンターズ・ゴールド,カーペンターズ・ゴールド,カーペンターズ・フォーエバー,イエスタディ・ワンス・モア/カーペンターズ・ゼア・グレイテスト・ヒッツ,青春の輝き〜ベスト・オブ・カーペンターズ,カーペンターズ40/40 〜ベスト・セレクション(通常盤),カーペンターズ 〜20/20 ベスト・オブ・ベスト・セレクション,ベスト・プライス〜カーペンターズ・ベスト,イフ・アイ・ワー・ア・カーペンター〜カーペンターズに捧ぐ,イエスタディ・ワンス・モア,イエスタディ・ワンス・モア,スーパー・ベスト,バイ・リクエスト,ナウ・アンド・ゼン,ナウ・アンド・ゼン
遙かなる影,トップ オブ ザ ワールド〜カーペンターズ,トップ オブ ザ ワールド〜カーペンターズ,カーペンターズ・ゴールド,カーペンターズ・フォーエバー,イエスタディ・ワンス・モア/カーペンターズ・ゼア・グレイテスト・ヒッツ,青春の輝き〜ベスト・オブ・カーペンターズ,カーペンターズ40/40 〜ベスト・セレクション(通常盤),イエスタデイ・ワンス・モア/カーペンターズ・ゼア・グレイテスト・ヒッツ,カーペンターズ 〜20/20 ベスト・オブ・ベスト・セレクション,ベスト・プライス〜カーペンターズ・ベスト,イフ・アイ・ワー・ア・カーペンター〜カーペンターズに捧ぐ,アンソロジー【Disc.1&Disc.2】,青春の輝き 2〜ラヴ・ソングス,トップ オブ ザ ワールド〜カーペンターズ,トップ オブ ザ ワールド〜カーペンターズ,カーペンターズ・ゴールド,カーペンターズ・フォーエバー,イエスタディ・ワンス・モア/カーペンターズ・ゼア・グレイテスト・ヒッツ,青春の輝き〜ベスト・オブ・カーペンターズ,カーペンターズ40/40 〜ベスト・セレクション(通常盤),イエスタデイ・ワンス・モア/カーペンターズ・ゼア・グレイテスト・ヒッツ,カーペンターズ 〜20/20 ベスト・オブ・ベスト・セレクション,ベスト・プライス〜カーペンターズ・ベスト,イフ・アイ・ワー・ア・カーペンター〜カーペンターズに捧ぐ,アンソロジー【Disc.1&Disc.2】,青春の輝き 2〜ラヴ・ソングス,トップ オブ ザ ワールド〜カーペンターズ,トップ オブ ザ ワールド〜カーペンターズ,カーペンターズ・ゴールド,カーペンターズ・フォーエバー,イエスタディ・ワンス・モア/カーペンターズ・ゼア・グレイテスト・ヒッツ,青春の輝き〜ベスト・オブ・カーペンターズ,カーペンターズ40/40 〜ベスト・セレクション(通常盤),イエスタデイ・ワンス・モア/カーペンターズ・ゼア・グレイテスト・ヒッツ,カーペンターズ 〜20/20 ベスト・オブ・ベスト・セレクション,ベスト・プライス〜カーペンターズ・ベスト,イフ・アイ・ワー・ア・カーペンター〜カーペンターズに捧ぐ,アンソロジー【Disc.1&Disc.2】,青春の輝き 2〜ラヴ・ソングス,トップ オブ ザ ワールド〜カーペンターズ,トップ オブ ザ ワールド〜カーペンターズ,カーペンターズ・ゴールド,カーペンターズ・フォーエバー,イエスタディ・ワンス・モア/カーペンターズ・ゼア・グレイテスト・ヒッツ,青春の輝き〜ベスト・オブ・カーペンターズ,カーペンターズ40/40 〜ベスト・セレクション(通常盤),イエスタデイ・ワンス・モア/カーペンターズ・ゼア・グレイテスト・ヒッツ,カーペンターズ 〜20/20 ベスト・オブ・ベスト・セレクション,ベスト・プライス〜カーペンターズ・ベスト,イフ・アイ・ワー・ア・カーペンター〜カーペンターズに捧ぐ,アンソロジー【Disc.1&Disc.2】,青春の輝き 2〜ラヴ・ソングス,トップ オブ ザ ワールド〜カーペンターズ,トップ オブ ザ ワールド〜カーペンターズ,カーペンターズ・ゴールド,カーペンターズ・フォーエバー,イエスタディ・ワンス・モア/カーペンターズ・ゼア・グレイテスト・ヒッツ,青春の輝き〜ベスト・オブ・カーペンターズ,カーペンターズ40/40 〜ベスト・セレクション(通常盤),イエスタデイ・ワンス・モア/カーペンターズ・ゼア・グレイテスト・ヒッツ,カーペンターズ 〜20/20 ベスト・オブ・ベスト・セレクション,ベスト・プライス〜カーペンターズ・ベスト,イフ・アイ・ワー・ア・カーペンター〜カーペンターズに捧ぐ,アンソロジー【Disc.1&Disc.2】,青春の輝き 2〜ラヴ・ソングス,トップ オブ ザ ワールド〜カーペンターズ,トップ オブ ザ ワールド〜カーペンターズ,カーペンターズ・ゴールド,カーペンターズ・フォーエバー,イエスタディ・ワンス・モア/カーペンターズ・ゼア・グレイテスト・ヒッツ,青春の輝き〜ベスト・オブ・カーペンターズ,カーペンターズ40/40 〜ベスト・セレクション(通常盤),イエスタデイ・ワンス・モア/カーペンターズ・ゼア・グレイテスト・ヒッツ,カーペンターズ 〜20/20 ベスト・オブ・ベスト・セレクション,ベスト・プライス〜カーペンターズ・ベスト,イフ・アイ・ワー・ア・カーペンター〜カーペンターズに捧ぐ,アンソロジー【Disc.1&Disc.2】,青春の輝き 2〜ラヴ・ソングス
愛にさよならを,カーペンターズ・ゴールド,カーペンターズ・ゴールド,青春の輝き〜ベスト・オブ・カーペンターズ,カーペンターズ40/40 〜ベスト・セレクション(通常盤),ベスト・プライス〜カーペンターズ・ベスト,イエスタディ・ワンス・モア,トップ・オブ・ザ・ワールド,トップ・オブ・ザ・ワールド,トップ・オブ・ザ・ワールド,アンソロジー【Disc.3&Disc.4】,青春の輝き 2〜ラヴ・ソングス,ア・ソング・フォー・ユー,カーペンターズ・ゴールド,カーペンターズ・ゴールド,青春の輝き〜ベスト・オブ・カーペンターズ,カーペンターズ40/40 〜ベスト・セレクション(通常盤),ベスト・プライス〜カーペンターズ・ベスト,イエスタディ・ワンス・モア,トップ・オブ・ザ・ワールド,トップ・オブ・ザ・ワールド,トップ・オブ・ザ・ワールド,アンソロジー【Disc.3&Disc.4】,青春の輝き 2〜ラヴ・ソングス,ア・ソング・フォー・ユー,カーペンターズ・ゴールド,カーペンターズ・ゴールド,青春の輝き〜ベスト・オブ・カーペンターズ,カーペンターズ40/40 〜ベスト・セレクション(通常盤),ベスト・プライス〜カーペンターズ・ベスト,イエスタディ・ワンス・モア,トップ・オブ・ザ・ワールド,トップ・オブ・ザ・ワールド,トップ・オブ・ザ・ワールド,アンソロジー【Disc.3&Disc.4】,青春の輝き 2〜ラヴ・ソングス,ア・ソング・フォー・ユー,カーペンターズ・ゴールド,カーペンターズ・ゴールド,青春の輝き〜ベスト・オブ・カーペンターズ,カーペンターズ40/40 〜ベスト・セレクション(通常盤),ベスト・プライス〜カーペンターズ・ベスト,イエスタディ・ワンス・モア,トップ・オブ・ザ・ワールド,トップ・オブ・ザ・ワールド,トップ・オブ・ザ・ワールド,アンソロジー【Disc.3&Disc.4】,青春の輝き 2〜ラヴ・ソングス,ア・ソング・フォー・ユー,カーペンターズ・ゴールド,カーペンターズ・ゴールド,青春の輝き〜ベスト・オブ・カーペンターズ,カーペンターズ40/40 〜ベスト・セレクション(通常盤),ベスト・プライス〜カーペンターズ・ベスト,イエスタディ・ワンス・モア,トップ・オブ・ザ・ワールド,トップ・オブ・ザ・ワールド,トップ・オブ・ザ・ワールド,アンソロジー【Disc.3&Disc.4】,青春の輝き 2〜ラヴ・ソングス,ア・ソング・フォー・ユー,カーペンターズ・ゴールド,カーペンターズ・ゴールド,青春の輝き〜ベスト・オブ・カーペンターズ,カーペンターズ40/40 〜ベスト・セレクション(通常盤),ベスト・プライス〜カーペンターズ・ベスト,イエスタディ・ワンス・モア,トップ・オブ・ザ・ワールド,トップ・オブ・ザ・ワールド,トップ・オブ・ザ・ワールド,アンソロジー【Disc.3&Disc.4】,青春の輝き 2〜ラヴ・ソングス,ア・ソング・フォー・ユー
小さな愛の願い,カーペンターズ・ゴールド,カーペンターズ・ゴールド,青春の輝き〜ベスト・オブ・カーペンターズ,カーペンターズ40/40 〜ベスト・セレクション(通常盤),ベスト・プライス〜カーペンターズ・ベスト,イフ・アイ・ワー・ア・カーペンター〜カーペンターズに捧ぐ,トップ・オブ・ザ・ワールド,トップ・オブ・ザ・ワールド,トップ・オブ・ザ・ワールド,ア・ソング・フォー・ユー,カーペンターズ・ゴールド,カーペンターズ・ゴールド,青春の輝き〜ベスト・オブ・カーペンターズ,カーペンターズ40/40 〜ベスト・セレクション(通常盤),ベスト・プライス〜カーペンターズ・ベスト,イフ・アイ・ワー・ア・カーペンター〜カーペンターズに捧ぐ,トップ・オブ・ザ・ワールド,トップ・オブ・ザ・ワールド,トップ・オブ・ザ・ワールド,ア・ソング・フォー・ユー,カーペンターズ・ゴールド,カーペンターズ・ゴールド,青春の輝き〜ベスト・オブ・カーペンターズ,カーペンターズ40/40 〜ベスト・セレクション(通常盤),ベスト・プライス〜カーペンターズ・ベスト,イフ・アイ・ワー・ア・カーペンター〜カーペンターズに捧ぐ,トップ・オブ・ザ・ワールド,トップ・オブ・ザ・ワールド,トップ・オブ・ザ・ワールド,ア・ソング・フォー・ユー,カーペンターズ・ゴールド,カーペンターズ・ゴールド,青春の輝き〜ベスト・オブ・カーペンターズ,カーペンターズ40/40 〜ベスト・セレクション(通常盤),ベスト・プライス〜カーペンターズ・ベスト,イフ・アイ・ワー・ア・カーペンター〜カーペンターズに捧ぐ,トップ・オブ・ザ・ワールド,トップ・オブ・ザ・ワールド,トップ・オブ・ザ・ワールド,ア・ソング・フォー・ユー,カーペンターズ・ゴールド,カーペンターズ・ゴールド,青春の輝き〜ベスト・オブ・カーペンターズ,カーペンターズ40/40 〜ベスト・セレクション(通常盤),ベスト・プライス〜カーペンターズ・ベスト,イフ・アイ・ワー・ア・カーペンター〜カーペンターズに捧ぐ,トップ・オブ・ザ・ワールド,トップ・オブ・ザ・ワールド,トップ・オブ・ザ・ワールド,ア・ソング・フォー・ユー,カーペンターズ・ゴールド,カーペンターズ・ゴールド,青春の輝き〜ベスト・オブ・カーペンターズ,カーペンターズ40/40 〜ベスト・セレクション(通常盤),ベスト・プライス〜カーペンターズ・ベスト,イフ・アイ・ワー・ア・カーペンター〜カーペンターズに捧ぐ,トップ・オブ・ザ・ワールド,トップ・オブ・ザ・ワールド,トップ・オブ・ザ・ワールド,ア・ソング・フォー・ユー
愛は夢の中に,カーペンターズ・ゴールド,カーペンターズ・ゴールド,イエスタディ・ワンス・モア/カーペンターズ・ゼア・グレイテスト・ヒッツ,青春の輝き〜ベスト・オブ・カーペンターズ,カーペンターズ40/40 〜ベスト・セレクション(通常盤),イエスタデイ・ワンス・モア/カーペンターズ・ゼア・グレイテスト・ヒッツ,ベスト・プライス〜カーペンターズ・ベスト,トップ・オブ・ザ・ワールド,トップ・オブ・ザ・ワールド,トップ・オブ・ザ・ワールド,アンソロジー【Disc.3&Disc.4】,青春の輝き 2〜ラヴ・ソングス,ア・ソング・フォー・ユー,カーペンターズ・ゴールド,カーペンターズ・ゴールド,イエスタディ・ワンス・モア/カーペンターズ・ゼア・グレイテスト・ヒッツ,青春の輝き〜ベスト・オブ・カーペンターズ,カーペンターズ40/40 〜ベスト・セレクション(通常盤),イエスタデイ・ワンス・モア/カーペンターズ・ゼア・グレイテスト・ヒッツ,ベスト・プライス〜カーペンターズ・ベスト,トップ・オブ・ザ・ワールド,トップ・オブ・ザ・ワールド,トップ・オブ・ザ・ワールド,アンソロジー【Disc.3&Disc.4】,青春の輝き 2〜ラヴ・ソングス,ア・ソング・フォー・ユー,カーペンターズ・ゴールド,カーペンターズ・ゴールド,イエスタディ・ワンス・モア/カーペンターズ・ゼア・グレイテスト・ヒッツ,青春の輝き〜ベスト・オブ・カーペンターズ,カーペンターズ40/40 〜ベスト・セレクション(通常盤),イエスタデイ・ワンス・モア/カーペンターズ・ゼア・グレイテスト・ヒッツ,ベスト・プライス〜カーペンターズ・ベスト,トップ・オブ・ザ・ワールド,トップ・オブ・ザ・ワールド,トップ・オブ・ザ・ワールド,アンソロジー【Disc.3&Disc.4】,青春の輝き 2〜ラヴ・ソングス,ア・ソング・フォー・ユー,カーペンターズ・ゴールド,カーペンターズ・ゴールド,イエスタディ・ワンス・モア/カーペンターズ・ゼア・グレイテスト・ヒッツ,青春の輝き〜ベスト・オブ・カーペンターズ,カーペンターズ40/40 〜ベスト・セレクション(通常盤),イエスタデイ・ワンス・モア/カーペンターズ・ゼア・グレイテスト・ヒッツ,ベスト・プライス〜カーペンターズ・ベスト,トップ・オブ・ザ・ワールド,トップ・オブ・ザ・ワールド,トップ・オブ・ザ・ワールド,アンソロジー【Disc.3&Disc.4】,青春の輝き 2〜ラヴ・ソングス,ア・ソング・フォー・ユー,カーペンターズ・ゴールド,カーペンターズ・ゴールド,イエスタディ・ワンス・モア/カーペンターズ・ゼア・グレイテスト・ヒッツ,青春の輝き〜ベスト・オブ・カーペンターズ,カーペンターズ40/40 〜ベスト・セレクション(通常盤),イエスタデイ・ワンス・モア/カーペンターズ・ゼア・グレイテスト・ヒッツ,ベスト・プライス〜カーペンターズ・ベスト,トップ・オブ・ザ・ワールド,トップ・オブ・ザ・ワールド,トップ・オブ・ザ・ワールド,アンソロジー【Disc.3&Disc.4】,青春の輝き 2〜ラヴ・ソングス,ア・ソング・フォー・ユー,カーペンターズ・ゴールド,カーペンターズ・ゴールド,イエスタディ・ワンス・モア/カーペンターズ・ゼア・グレイテスト・ヒッツ,青春の輝き〜ベスト・オブ・カーペンターズ,カーペンターズ40/40 〜ベスト・セレクション(通常盤),イエスタデイ・ワンス・モア/カーペンターズ・ゼア・グレイテスト・ヒッツ,ベスト・プライス〜カーペンターズ・ベスト,トップ・オブ・ザ・ワールド,トップ・オブ・ザ・ワールド,トップ・オブ・ザ・ワールド,アンソロジー【Disc.3&Disc.4】,青春の輝き 2〜ラヴ・ソングス,ア・ソング・フォー・ユー
レインボウ・コネクション,カーペンターズ・ゴールド,カーペンターズ・ゴールド,カーペンターズ・ゴールド,カーペンターズ・ゴールド,カーペンターズ・ゴールド,カーペンターズ・ゴールド,カーペンターズ・ゴールド,カーペンターズ・ゴールド,カーペンターズ・ゴールド,カーペンターズ・ゴールド,カーペンターズ・ゴールド,カーペンターズ・ゴールド
シング,カーペンターズ・ゴールド,カーペンターズ・ゴールド,カーペンターズ・フォーエバー,青春の輝き〜ベスト・オブ・カーペンターズ,カーペンターズ40/40 〜ベスト・セレクション(通常盤),ベスト・プライス〜カーペンターズ・ベスト,スーパー・ベスト,アンソロジー【Disc.1&Disc.2】,バイ・リクエスト,ナウ・アンド・ゼン,カーペンターズ・ゴールド,カーペンターズ・ゴールド,カーペンターズ・フォーエバー,青春の輝き〜ベスト・オブ・カーペンターズ,カーペンターズ40/40 〜ベスト・セレクション(通常盤),ベスト・プライス〜カーペンターズ・ベスト,スーパー・ベスト,アンソロジー【Disc.1&Disc.2】,バイ・リクエスト,ナウ・アンド・ゼン,カーペンターズ・ゴールド,カーペンターズ・ゴールド,カーペンターズ・フォーエバー,青春の輝き〜ベスト・オブ・カーペンターズ,カーペンターズ40/40 〜ベスト・セレクション(通常盤),ベスト・プライス〜カーペンターズ・ベスト,スーパー・ベスト,アンソロジー【Disc.1&Disc.2】,バイ・リクエスト,ナウ・アンド・ゼン,カーペンターズ・ゴールド,カーペンターズ・ゴールド,カーペンターズ・フォーエバー,青春の輝き〜ベスト・オブ・カーペンターズ,カーペンターズ40/40 〜ベスト・セレクション(通常盤),ベスト・プライス〜カーペンターズ・ベスト,スーパー・ベスト,アンソロジー【Disc.1&Disc.2】,バイ・リクエスト,ナウ・アンド・ゼン,カーペンターズ・ゴールド,カーペンターズ・ゴールド,カーペンターズ・フォーエバー,青春の輝き〜ベスト・オブ・カーペンターズ,カーペンターズ40/40 〜ベスト・セレクション(通常盤),ベスト・プライス〜カーペンターズ・ベスト,スーパー・ベスト,アンソロジー【Disc.1&Disc.2】,バイ・リクエスト,ナウ・アンド・ゼン,カーペンターズ・ゴールド,カーペンターズ・ゴールド,カーペンターズ・フォーエバー,青春の輝き〜ベスト・オブ・カーペンターズ,カーペンターズ40/40 〜ベスト・セレクション(通常盤),ベスト・プライス〜カーペンターズ・ベスト,スーパー・ベスト,アンソロジー【Disc.1&Disc.2】,バイ・リクエスト,ナウ・アンド・ゼン
ジャンバラヤ,カーペンターズ・ゴールド,カーペンターズ・ゴールド,カーペンターズ・フォーエバー,イエスタディ・ワンス・モア/カーペンターズ・ゼア・グレイテスト・ヒッツ,青春の輝き〜ベスト・オブ・カーペンターズ,カーペンターズ40/40 〜ベスト・セレクション(通常盤),イエスタデイ・ワンス・モア/カーペンターズ・ゼア・グレイテスト・ヒッツ,カーペンターズ 〜20/20 ベスト・オブ・ベスト・セレクション,アンソロジー【Disc.1&Disc.2】,ナウ・アンド・ゼン,カーペンターズ・ゴールド,カーペンターズ・ゴールド,カーペンターズ・フォーエバー,イエスタディ・ワンス・モア/カーペンターズ・ゼア・グレイテスト・ヒッツ,青春の輝き〜ベスト・オブ・カーペンターズ,カーペンターズ40/40 〜ベスト・セレクション(通常盤),イエスタデイ・ワンス・モア/カーペンターズ・ゼア・グレイテスト・ヒッツ,カーペンターズ 〜20/20 ベスト・オブ・ベスト・セレクション,アンソロジー【Disc.1&Disc.2】,ナウ・アンド・ゼン,カーペンターズ・ゴールド,カーペンターズ・ゴールド,カーペンターズ・フォーエバー,イエスタディ・ワンス・モア/カーペンターズ・ゼア・グレイテスト・ヒッツ,青春の輝き〜ベスト・オブ・カーペンターズ,カーペンターズ40/40 〜ベスト・セレクション(通常盤),イエスタデイ・ワンス・モア/カーペンターズ・ゼア・グレイテスト・ヒッツ,カーペンターズ 〜20/20 ベスト・オブ・ベスト・セレクション,アンソロジー【Disc.1&Disc.2】,ナウ・アンド・ゼン,カーペンターズ・ゴールド,カーペンターズ・ゴールド,カーペンターズ・フォーエバー,イエスタディ・ワンス・モア/カーペンターズ・ゼア・グレイテスト・ヒッツ,青春の輝き〜ベスト・オブ・カーペンターズ,カーペンターズ40/40 〜ベスト・セレクション(通常盤),イエスタデイ・ワンス・モア/カーペンターズ・ゼア・グレイテスト・ヒッツ,カーペンターズ 〜20/20 ベスト・オブ・ベスト・セレクション,アンソロジー【Disc.1&Disc.2】,ナウ・アンド・ゼン,カーペンターズ・ゴールド,カーペンターズ・ゴールド,カーペンターズ・フォーエバー,イエスタディ・ワンス・モア/カーペンターズ・ゼア・グレイテスト・ヒッツ,青春の輝き〜ベスト・オブ・カーペンターズ,カーペンターズ40/40 〜ベスト・セレクション(通常盤),イエスタデイ・ワンス・モア/カーペンターズ・ゼア・グレイテスト・ヒッツ,カーペンターズ 〜20/20 ベスト・オブ・ベスト・セレクション,アンソロジー【Disc.1&Disc.2】,ナウ・アンド・ゼン,カーペンターズ・ゴールド,カーペンターズ・ゴールド,カーペンターズ・フォーエバー,イエスタディ・ワンス・モア/カーペンターズ・ゼア・グレイテスト・ヒッツ,青春の輝き〜ベスト・オブ・カーペンターズ,カーペンターズ40/40 〜ベスト・セレクション(通常盤),イエスタデイ・ワンス・モア/カーペンターズ・ゼア・グレイテスト・ヒッツ,カーペンターズ 〜20/20 ベスト・オブ・ベスト・セレクション,アンソロジー【Disc.1&Disc.2】,ナウ・アンド・ゼン
タッチ・ミー,カーペンターズ・ゴールド,カーペンターズ・ゴールド,カーペンターズ・フォーエバー,イエスタディ・ワンス・モア/カーペンターズ・ゼア・グレイテスト・ヒッツ,青春の輝き〜ベスト・オブ・カーペンターズ,イエスタデイ・ワンス・モア/カーペンターズ・ゼア・グレイテスト・ヒッツ,ベスト・プライス〜カーペンターズ・ベスト,アンソロジー【Disc.3&Disc.4】,メイド・イン・アメリカ,カーペンターズ・ゴールド,カーペンターズ・ゴールド,カーペンターズ・フォーエバー,イエスタディ・ワンス・モア/カーペンターズ・ゼア・グレイテスト・ヒッツ,青春の輝き〜ベスト・オブ・カーペンターズ,イエスタデイ・ワンス・モア/カーペンターズ・ゼア・グレイテスト・ヒッツ,ベスト・プライス〜カーペンターズ・ベスト,アンソロジー【Disc.3&Disc.4】,メイド・イン・アメリカ,カーペンターズ・ゴールド,カーペンターズ・ゴールド,カーペンターズ・フォーエバー,イエスタディ・ワンス・モア/カーペンターズ・ゼア・グレイテスト・ヒッツ,青春の輝き〜ベスト・オブ・カーペンターズ,イエスタデイ・ワンス・モア/カーペンターズ・ゼア・グレイテスト・ヒッツ,ベスト・プライス〜カーペンターズ・ベスト,アンソロジー【Disc.3&Disc.4】,メイド・イン・アメリカ,カーペンターズ・ゴールド,カーペンターズ・ゴールド,カーペンターズ・フォーエバー,イエスタディ・ワンス・モア/カーペンターズ・ゼア・グレイテスト・ヒッツ,青春の輝き〜ベスト・オブ・カーペンターズ,イエスタデイ・ワンス・モア/カーペンターズ・ゼア・グレイテスト・ヒッツ,ベスト・プライス〜カーペンターズ・ベスト,アンソロジー【Disc.3&Disc.4】,メイド・イン・アメリカ,カーペンターズ・ゴールド,カーペンターズ・ゴールド,カーペンターズ・フォーエバー,イエスタディ・ワンス・モア/カーペンターズ・ゼア・グレイテスト・ヒッツ,青春の輝き〜ベスト・オブ・カーペンターズ,イエスタデイ・ワンス・モア/カーペンターズ・ゼア・グレイテスト・ヒッツ,ベスト・プライス〜カーペンターズ・ベスト,アンソロジー【Disc.3&Disc.4】,メイド・イン・アメリカ,カーペンターズ・ゴールド,カーペンターズ・ゴールド,カーペンターズ・フォーエバー,イエスタディ・ワンス・モア/カーペンターズ・ゼア・グレイテスト・ヒッツ,青春の輝き〜ベスト・オブ・カーペンターズ,イエスタデイ・ワンス・モア/カーペンターズ・ゼア・グレイテスト・ヒッツ,ベスト・プライス〜カーペンターズ・ベスト,アンソロジー【Disc.3&Disc.4】,メイド・イン・アメリカ
プリーズ・ミスター・ポストマン,カーペンターズ・ゴールド,カーペンターズ・ゴールド,カーペンターズ・フォーエバー,イエスタディ・ワンス・モア/カーペンターズ・ゼア・グレイテスト・ヒッツ,青春の輝き〜ベスト・オブ・カーペンターズ,カーペンターズ40/40 〜ベスト・セレクション(通常盤),イエスタデイ・ワンス・モア/カーペンターズ・ゼア・グレイテスト・ヒッツ,ベスト・プライス〜カーペンターズ・ベスト,緑の地平線(ホライゾン),緑の地平線(ホライゾン),カーペンターズ・ゴールド,カーペンターズ・ゴールド,カーペンターズ・フォーエバー,イエスタディ・ワンス・モア/カーペンターズ・ゼア・グレイテスト・ヒッツ,青春の輝き〜ベスト・オブ・カーペンターズ,カーペンターズ40/40 〜ベスト・セレクション(通常盤),イエスタデイ・ワンス・モア/カーペンターズ・ゼア・グレイテスト・ヒッツ,ベスト・プライス〜カーペンターズ・ベスト,緑の地平線(ホライゾン),緑の地平線(ホライゾン),カーペンターズ・ゴールド,カーペンターズ・ゴールド,カーペンターズ・フォーエバー,イエスタディ・ワンス・モア/カーペンターズ・ゼア・グレイテスト・ヒッツ,青春の輝き〜ベスト・オブ・カーペンターズ,カーペンターズ40/40 〜ベスト・セレクション(通常盤),イエスタデイ・ワンス・モア/カーペンターズ・ゼア・グレイテスト・ヒッツ,ベスト・プライス〜カーペンターズ・ベスト,緑の地平線(ホライゾン),緑の地平線(ホライゾン),カーペンターズ・ゴールド,カーペンターズ・ゴールド,カーペンターズ・フォーエバー,イエスタディ・ワンス・モア/カーペンターズ・ゼア・グレイテスト・ヒッツ,青春の輝き〜ベスト・オブ・カーペンターズ,カーペンターズ40/40 〜ベスト・セレクション(通常盤),イエスタデイ・ワンス・モア/カーペンターズ・ゼア・グレイテスト・ヒッツ,ベスト・プライス〜カーペンターズ・ベスト,緑の地平線(ホライゾン),緑の地平線(ホライゾン),カーペンターズ・ゴールド,カーペンターズ・ゴールド,カーペンターズ・フォーエバー,イエスタディ・ワンス・モア/カーペンターズ・ゼア・グレイテスト・ヒッツ,青春の輝き〜ベスト・オブ・カーペンターズ,カーペンターズ40/40 〜ベスト・セレクション(通常盤),イエスタデイ・ワンス・モア/カーペンターズ・ゼア・グレイテスト・ヒッツ,ベスト・プライス〜カーペンターズ・ベスト,緑の地平線(ホライゾン),緑の地平線(ホライゾン),カーペンターズ・ゴールド,カーペンターズ・ゴールド,カーペンターズ・フォーエバー,イエスタディ・ワンス・モア/カーペンターズ・ゼア・グレイテスト・ヒッツ,青春の輝き〜ベスト・オブ・カーペンターズ,カーペンターズ40/40 〜ベスト・セレクション(通常盤),イエスタデイ・ワンス・モア/カーペンターズ・ゼア・グレイテスト・ヒッツ,ベスト・プライス〜カーペンターズ・ベスト,緑の地平線(ホライゾン),緑の地平線(ホライゾン)
ソリテアー,カーペンターズ・ゴールド,カーペンターズ・ゴールド,イエスタディ・ワンス・モア/カーペンターズ・ゼア・グレイテスト・ヒッツ,青春の輝き〜ベスト・オブ・カーペンターズ,カーペンターズ40/40 〜ベスト・セレクション(通常盤),イエスタデイ・ワンス・モア/カーペンターズ・ゼア・グレイテスト・ヒッツ,イフ・アイ・ワー・ア・カーペンター〜カーペンターズに捧ぐ,青春の輝き 2〜ラヴ・ソングス,緑の地平線(ホライゾン),緑の地平線(ホライゾン),カーペンターズ・ゴールド,カーペンターズ・ゴールド,イエスタディ・ワンス・モア/カーペンターズ・ゼア・グレイテスト・ヒッツ,青春の輝き〜ベスト・オブ・カーペンターズ,カーペンターズ40/40 〜ベスト・セレクション(通常盤),イエスタデイ・ワンス・モア/カーペンターズ・ゼア・グレイテスト・ヒッツ,イフ・アイ・ワー・ア・カーペンター〜カーペンターズに捧ぐ,青春の輝き 2〜ラヴ・ソングス,緑の地平線(ホライゾン),緑の地平線(ホライゾン),カーペンターズ・ゴールド,カーペンターズ・ゴールド,イエスタディ・ワンス・モア/カーペンターズ・ゼア・グレイテスト・ヒッツ,青春の輝き〜ベスト・オブ・カーペンターズ,カーペンターズ40/40 〜ベスト・セレクション(通常盤),イエスタデイ・ワンス・モア/カーペンターズ・ゼア・グレイテスト・ヒッツ,イフ・アイ・ワー・ア・カーペンター〜カーペンターズに捧ぐ,青春の輝き 2〜ラヴ・ソングス,緑の地平線(ホライゾン),緑の地平線(ホライゾン),カーペンターズ・ゴールド,カーペンターズ・ゴールド,イエスタディ・ワンス・モア/カーペンターズ・ゼア・グレイテスト・ヒッツ,青春の輝き〜ベスト・オブ・カーペンターズ,カーペンターズ40/40 〜ベスト・セレクション(通常盤),イエスタデイ・ワンス・モア/カーペンターズ・ゼア・グレイテスト・ヒッツ,イフ・アイ・ワー・ア・カーペンター〜カーペンターズに捧ぐ,青春の輝き 2〜ラヴ・ソングス,緑の地平線(ホライゾン),緑の地平線(ホライゾン),カーペンターズ・ゴールド,カーペンターズ・ゴールド,イエスタディ・ワンス・モア/カーペンターズ・ゼア・グレイテスト・ヒッツ,青春の輝き〜ベスト・オブ・カーペンターズ,カーペンターズ40/40 〜ベスト・セレクション(通常盤),イエスタデイ・ワンス・モア/カーペンターズ・ゼア・グレイテスト・ヒッツ,イフ・アイ・ワー・ア・カーペンター〜カーペンターズに捧ぐ,青春の輝き 2〜ラヴ・ソングス,緑の地平線(ホライゾン),緑の地平線(ホライゾン),カーペンターズ・ゴールド,カーペンターズ・ゴールド,イエスタディ・ワンス・モア/カーペンターズ・ゼア・グレイテスト・ヒッツ,青春の輝き〜ベスト・オブ・カーペンターズ,カーペンターズ40/40 〜ベスト・セレクション(通常盤),イエスタデイ・ワンス・モア/カーペンターズ・ゼア・グレイテスト・ヒッツ,イフ・アイ・ワー・ア・カーペンター〜カーペンターズに捧ぐ,青春の輝き 2〜ラヴ・ソングス,緑の地平線(ホライゾン),緑の地平線(ホライゾン)
愛のプレリュード,カーペンターズ・ゴールド,カーペンターズ・ゴールド,カーペンターズ・フォーエバー,イエスタディ・ワンス・モア/カーペンターズ・ゼア・グレイテスト・ヒッツ,青春の輝き〜ベスト・オブ・カーペンターズ,カーペンターズ40/40 〜ベスト・セレクション(通常盤),カーペンターズ 〜20/20 ベスト・オブ・ベスト・セレクション,ベスト・プライス〜カーペンターズ・ベスト,イフ・アイ・ワー・ア・カーペンター〜カーペンターズに捧ぐ,スーパー・ベスト,アンソロジー【Disc.1&Disc.2】,青春の輝き 2〜ラヴ・ソングス,バイ・リクエスト,遙かなる影,カーペンターズ・ゴールド,カーペンターズ・ゴールド,カーペンターズ・フォーエバー,イエスタディ・ワンス・モア/カーペンターズ・ゼア・グレイテスト・ヒッツ,青春の輝き〜ベスト・オブ・カーペンターズ,カーペンターズ40/40 〜ベスト・セレクション(通常盤),カーペンターズ 〜20/20 ベスト・オブ・ベスト・セレクション,ベスト・プライス〜カーペンターズ・ベスト,イフ・アイ・ワー・ア・カーペンター〜カーペンターズに捧ぐ,スーパー・ベスト,アンソロジー【Disc.1&Disc.2】,青春の輝き 2〜ラヴ・ソングス,バイ・リクエスト,遙かなる影,カーペンターズ・ゴールド,カーペンターズ・ゴールド,カーペンターズ・フォーエバー,イエスタディ・ワンス・モア/カーペンターズ・ゼア・グレイテスト・ヒッツ,青春の輝き〜ベスト・オブ・カーペンターズ,カーペンターズ40/40 〜ベスト・セレクション(通常盤),カーペンターズ 〜20/20 ベスト・オブ・ベスト・セレクション,ベスト・プライス〜カーペンターズ・ベスト,イフ・アイ・ワー・ア・カーペンター〜カーペンターズに捧ぐ,スーパー・ベスト,アンソロジー【Disc.1&Disc.2】,青春の輝き 2〜ラヴ・ソングス,バイ・リクエスト,遙かなる影,カーペンターズ・ゴールド,カーペンターズ・ゴールド,カーペンターズ・フォーエバー,イエスタディ・ワンス・モア/カーペンターズ・ゼア・グレイテスト・ヒッツ,青春の輝き〜ベスト・オブ・カーペンターズ,カーペンターズ40/40 〜ベスト・セレクション(通常盤),カーペンターズ 〜20/20 ベスト・オブ・ベスト・セレクション,ベスト・プライス〜カーペンターズ・ベスト,イフ・アイ・ワー・ア・カーペンター〜カーペンターズに捧ぐ,スーパー・ベスト,アンソロジー【Disc.1&Disc.2】,青春の輝き 2〜ラヴ・ソングス,バイ・リクエスト,遙かなる影,カーペンターズ・ゴールド,カーペンターズ・ゴールド,カーペンターズ・フォーエバー,イエスタディ・ワンス・モア/カーペンターズ・ゼア・グレイテスト・ヒッツ,青春の輝き〜ベスト・オブ・カーペンターズ,カーペンターズ40/40 〜ベスト・セレクション(通常盤),カーペンターズ 〜20/20 ベスト・オブ・ベスト・セレクション,ベスト・プライス〜カーペンターズ・ベスト,イフ・アイ・ワー・ア・カーペンター〜カーペンターズに捧ぐ,スーパー・ベスト,アンソロジー【Disc.1&Disc.2】,青春の輝き 2〜ラヴ・ソングス,バイ・リクエスト,遙かなる影,カーペンターズ・ゴールド,カーペンターズ・ゴールド,カーペンターズ・フォーエバー,イエスタディ・ワンス・モア/カーペンターズ・ゼア・グレイテスト・ヒッツ,青春の輝き〜ベスト・オブ・カーペンターズ,カーペンターズ40/40 〜ベスト・セレクション(通常盤),カーペンターズ 〜20/20 ベスト・オブ・ベスト・セレクション,ベスト・プライス〜カーペンターズ・ベスト,イフ・アイ・ワー・ア・カーペンター〜カーペンターズに捧ぐ,スーパー・ベスト,アンソロジー【Disc.1&Disc.2】,青春の輝き 2〜ラヴ・ソングス,バイ・リクエスト,遙かなる影
遥かなる影,カーペンターズ・ゴールド,スーパー・ベスト,バイ・リクエスト,遙かなる影,カーペンターズ・ゴールド,スーパー・ベスト,バイ・リクエスト,遙かなる影,カーペンターズ・ゴールド,スーパー・ベスト,バイ・リクエスト,遙かなる影,カーペンターズ・ゴールド,スーパー・ベスト,バイ・リクエスト,遙かなる影,カーペンターズ・ゴールド,スーパー・ベスト,バイ・リクエスト,遙かなる影,カーペンターズ・ゴールド,スーパー・ベスト,バイ・リクエスト,遙かなる影
マスカレード,カーペンターズ・ゴールド,カーペンターズ・ゴールド,カーペンターズ・フォーエバー,イエスタディ・ワンス・モア/カーペンターズ・ゼア・グレイテスト・ヒッツ,青春の輝き〜ベスト・オブ・カーペンターズ,カーペンターズ40/40 〜ベスト・セレクション(通常盤),イエスタデイ・ワンス・モア/カーペンターズ・ゼア・グレイテスト・ヒッツ,カーペンターズ 〜20/20 ベスト・オブ・ベスト・セレクション,アンソロジー【Disc.1&Disc.2】,青春の輝き 2〜ラヴ・ソングス,ナウ・アンド・ゼン,カーペンターズ・ゴールド,カーペンターズ・ゴールド,カーペンターズ・フォーエバー,イエスタディ・ワンス・モア/カーペンターズ・ゼア・グレイテスト・ヒッツ,青春の輝き〜ベスト・オブ・カーペンターズ,カーペンターズ40/40 〜ベスト・セレクション(通常盤),イエスタデイ・ワンス・モア/カーペンターズ・ゼア・グレイテスト・ヒッツ,カーペンターズ 〜20/20 ベスト・オブ・ベスト・セレクション,アンソロジー【Disc.1&Disc.2】,青春の輝き 2〜ラヴ・ソングス,ナウ・アンド・ゼン,カーペンターズ・ゴールド,カーペンターズ・ゴールド,カーペンターズ・フォーエバー,イエスタディ・ワンス・モア/カーペンターズ・ゼア・グレイテスト・ヒッツ,青春の輝き〜ベスト・オブ・カーペンターズ,カーペンターズ40/40 〜ベスト・セレクション(通常盤),イエスタデイ・ワンス・モア/カーペンターズ・ゼア・グレイテスト・ヒッツ,カーペンターズ 〜20/20 ベスト・オブ・ベスト・セレクション,アンソロジー【Disc.1&Disc.2】,青春の輝き 2〜ラヴ・ソングス,ナウ・アンド・ゼン,カーペンターズ・ゴールド,カーペンターズ・ゴールド,カーペンターズ・フォーエバー,イエスタディ・ワンス・モア/カーペンターズ・ゼア・グレイテスト・ヒッツ,青春の輝き〜ベスト・オブ・カーペンターズ,カーペンターズ40/40 〜ベスト・セレクション(通常盤),イエスタデイ・ワンス・モア/カーペンターズ・ゼア・グレイテスト・ヒッツ,カーペンターズ 〜20/20 ベスト・オブ・ベスト・セレクション,アンソロジー【Disc.1&Disc.2】,青春の輝き 2〜ラヴ・ソングス,ナウ・アンド・ゼン,カーペンターズ・ゴールド,カーペンターズ・ゴールド,カーペンターズ・フォーエバー,イエスタディ・ワンス・モア/カーペンターズ・ゼア・グレイテスト・ヒッツ,青春の輝き〜ベスト・オブ・カーペンターズ,カーペンターズ40/40 〜ベスト・セレクション(通常盤),イエスタデイ・ワンス・モア/カーペンターズ・ゼア・グレイテスト・ヒッツ,カーペンターズ 〜20/20 ベスト・オブ・ベスト・セレクション,アンソロジー【Disc.1&Disc.2】,青春の輝き 2〜ラヴ・ソングス,ナウ・アンド・ゼン,カーペンターズ・ゴールド,カーペンターズ・ゴールド,カーペンターズ・フォーエバー,イエスタディ・ワンス・モア/カーペンターズ・ゼア・グレイテスト・ヒッツ,青春の輝き〜ベスト・オブ・カーペンターズ,カーペンターズ40/40 〜ベスト・セレクション(通常盤),イエスタデイ・ワンス・モア/カーペンターズ・ゼア・グレイテスト・ヒッツ,カーペンターズ 〜20/20 ベスト・オブ・ベスト・セレクション,アンソロジー【Disc.1&Disc.2】,青春の輝き 2〜ラヴ・ソングス,ナウ・アンド・ゼン
涙の乗車券,カーペンターズ・ゴールド,カーペンターズ・ゴールド,カーペンターズ・フォーエバー,イエスタディ・ワンス・モア/カーペンターズ・ゼア・グレイテスト・ヒッツ,青春の輝き〜ベスト・オブ・カーペンターズ,カーペンターズ40/40 〜ベスト・セレクション(通常盤),イエスタデイ・ワンス・モア/カーペンターズ・ゼア・グレイテスト・ヒッツ,カーペンターズ 〜20/20 ベスト・オブ・ベスト・セレクション,ベスト・プライス〜カーペンターズ・ベスト,スーパー・ベスト,アンソロジー【Disc.1&Disc.2】,バイ・リクエスト,涙の乗車券,カーペンターズ・ゴールド,カーペンターズ・ゴールド,カーペンターズ・フォーエバー,イエスタディ・ワンス・モア/カーペンターズ・ゼア・グレイテスト・ヒッツ,青春の輝き〜ベスト・オブ・カーペンターズ,カーペンターズ40/40 〜ベスト・セレクション(通常盤),イエスタデイ・ワンス・モア/カーペンターズ・ゼア・グレイテスト・ヒッツ,カーペンターズ 〜20/20 ベスト・オブ・ベスト・セレクション,ベスト・プライス〜カーペンターズ・ベスト,スーパー・ベスト,アンソロジー【Disc.1&Disc.2】,バイ・リクエスト,涙の乗車券,カーペンターズ・ゴールド,カーペンターズ・ゴールド,カーペンターズ・フォーエバー,イエスタディ・ワンス・モア/カーペンターズ・ゼア・グレイテスト・ヒッツ,青春の輝き〜ベスト・オブ・カーペンターズ,カーペンターズ40/40 〜ベスト・セレクション(通常盤),イエスタデイ・ワンス・モア/カーペンターズ・ゼア・グレイテスト・ヒッツ,カーペンターズ 〜20/20 ベスト・オブ・ベスト・セレクション,ベスト・プライス〜カーペンターズ・ベスト,スーパー・ベスト,アンソロジー【Disc.1&Disc.2】,バイ・リクエスト,涙の乗車券,カーペンターズ・ゴールド,カーペンターズ・ゴールド,カーペンターズ・フォーエバー,イエスタディ・ワンス・モア/カーペンターズ・ゼア・グレイテスト・ヒッツ,青春の輝き〜ベスト・オブ・カーペンターズ,カーペンターズ40/40 〜ベスト・セレクション(通常盤),イエスタデイ・ワンス・モア/カーペンターズ・ゼア・グレイテスト・ヒッツ,カーペンターズ 〜20/20 ベスト・オブ・ベスト・セレクション,ベスト・プライス〜カーペンターズ・ベスト,スーパー・ベスト,アンソロジー【Disc.1&Disc.2】,バイ・リクエスト,涙の乗車券,カーペンターズ・ゴールド,カーペンターズ・ゴールド,カーペンターズ・フォーエバー,イエスタディ・ワンス・モア/カーペンターズ・ゼア・グレイテスト・ヒッツ,青春の輝き〜ベスト・オブ・カーペンターズ,カーペンターズ40/40 〜ベスト・セレクション(通常盤),イエスタデイ・ワンス・モア/カーペンターズ・ゼア・グレイテスト・ヒッツ,カーペンターズ 〜20/20 ベスト・オブ・ベスト・セレクション,ベスト・プライス〜カーペンターズ・ベスト,スーパー・ベスト,アンソロジー【Disc.1&Disc.2】,バイ・リクエスト,涙の乗車券,カーペンターズ・ゴールド,カーペンターズ・ゴールド,カーペンターズ・フォーエバー,イエスタディ・ワンス・モア/カーペンターズ・ゼア・グレイテスト・ヒッツ,青春の輝き〜ベスト・オブ・カーペンターズ,カーペンターズ40/40 〜ベスト・セレクション(通常盤),イエスタデイ・ワンス・モア/カーペンターズ・ゼア・グレイテスト・ヒッツ,カーペンターズ 〜20/20 ベスト・オブ・ベスト・セレクション,ベスト・プライス〜カーペンターズ・ベスト,スーパー・ベスト,アンソロジー【Disc.1&Disc.2】,バイ・リクエスト,涙の乗車券
オンリー・イエスタデイ,カーペンターズ・ゴールド,カーペンターズ・ゴールド,イエスタディ・ワンス・モア/カーペンターズ・ゼア・グレイテスト・ヒッツ,青春の輝き〜ベスト・オブ・カーペンターズ,カーペンターズ40/40 〜ベスト・セレクション(通常盤),イエスタデイ・ワンス・モア/カーペンターズ・ゼア・グレイテスト・ヒッツ,カーペンターズ 〜20/20 ベスト・オブ・ベスト・セレクション,ベスト・プライス〜カーペンターズ・ベスト,イエスタディ・ワンス・モア,アンソロジー【Disc.3&Disc.4】,青春の輝き 2〜ラヴ・ソングス,緑の地平線(ホライゾン),カーペンターズ・ゴールド,カーペンターズ・ゴールド,イエスタディ・ワンス・モア/カーペンターズ・ゼア・グレイテスト・ヒッツ,青春の輝き〜ベスト・オブ・カーペンターズ,カーペンターズ40/40 〜ベスト・セレクション(通常盤),イエスタデイ・ワンス・モア/カーペンターズ・ゼア・グレイテスト・ヒッツ,カーペンターズ 〜20/20 ベスト・オブ・ベスト・セレクション,ベスト・プライス〜カーペンターズ・ベスト,イエスタディ・ワンス・モア,アンソロジー【Disc.3&Disc.4】,青春の輝き 2〜ラヴ・ソングス,緑の地平線(ホライゾン),カーペンターズ・ゴールド,カーペンターズ・ゴールド,イエスタディ・ワンス・モア/カーペンターズ・ゼア・グレイテスト・ヒッツ,青春の輝き〜ベスト・オブ・カーペンターズ,カーペンターズ40/40 〜ベスト・セレクション(通常盤),イエスタデイ・ワンス・モア/カーペンターズ・ゼア・グレイテスト・ヒッツ,カーペンターズ 〜20/20 ベスト・オブ・ベスト・セレクション,ベスト・プライス〜カーペンターズ・ベスト,イエスタディ・ワンス・モア,アンソロジー【Disc.3&Disc.4】,青春の輝き 2〜ラヴ・ソングス,緑の地平線(ホライゾン),カーペンターズ・ゴールド,カーペンターズ・ゴールド,イエスタディ・ワンス・モア/カーペンターズ・ゼア・グレイテスト・ヒッツ,青春の輝き〜ベスト・オブ・カーペンターズ,カーペンターズ40/40 〜ベスト・セレクション(通常盤),イエスタデイ・ワンス・モア/カーペンターズ・ゼア・グレイテスト・ヒッツ,カーペンターズ 〜20/20 ベスト・オブ・ベスト・セレクション,ベスト・プライス〜カーペンターズ・ベスト,イエスタディ・ワンス・モア,アンソロジー【Disc.3&Disc.4】,青春の輝き 2〜ラヴ・ソングス,緑の地平線(ホライゾン),カーペンターズ・ゴールド,カーペンターズ・ゴールド,イエスタディ・ワンス・モア/カーペンターズ・ゼア・グレイテスト・ヒッツ,青春の輝き〜ベスト・オブ・カーペンターズ,カーペンターズ40/40 〜ベスト・セレクション(通常盤),イエスタデイ・ワンス・モア/カーペンターズ・ゼア・グレイテスト・ヒッツ,カーペンターズ 〜20/20 ベスト・オブ・ベスト・セレクション,ベスト・プライス〜カーペンターズ・ベスト,イエスタディ・ワンス・モア,アンソロジー【Disc.3&Disc.4】,青春の輝き 2〜ラヴ・ソングス,緑の地平線(ホライゾン),カーペンターズ・ゴールド,カーペンターズ・ゴールド,イエスタディ・ワンス・モア/カーペンターズ・ゼア・グレイテスト・ヒッツ,青春の輝き〜ベスト・オブ・カーペンターズ,カーペンターズ40/40 〜ベスト・セレクション(通常盤),イエスタデイ・ワンス・モア/カーペンターズ・ゼア・グレイテスト・ヒッツ,カーペンターズ 〜20/20 ベスト・オブ・ベスト・セレクション,ベスト・プライス〜カーペンターズ・ベスト,イエスタディ・ワンス・モア,アンソロジー【Disc.3&Disc.4】,青春の輝き 2〜ラヴ・ソングス,緑の地平線(ホライゾン)
リーヴ・イエスタデイ・ビハインド,カーペンターズ・ゴールド,カーペンターズ・ゴールド,カーペンターズ40/40 〜ベスト・セレクション(通常盤),カーペンターズ・ゴールド,カーペンターズ・ゴールド,カーペンターズ40/40 〜ベスト・セレクション(通常盤),カーペンターズ・ゴールド,カーペンターズ・ゴールド,カーペンターズ40/40 〜ベスト・セレクション(通常盤),カーペンターズ・ゴールド,カーペンターズ・ゴールド,カーペンターズ40/40 〜ベスト・セレクション(通常盤),カーペンターズ・ゴールド,カーペンターズ・ゴールド,カーペンターズ40/40 〜ベスト・セレクション(通常盤),カーペンターズ・ゴールド,カーペンターズ・ゴールド,カーペンターズ40/40 〜ベスト・セレクション(通常盤)
見つめあう恋,カーペンターズ・フォーエバー,青春の輝き〜ベスト・オブ・カーペンターズ,アンソロジー【Disc.3&Disc.4】,見つめあう恋,カーペンターズ・フォーエバー,青春の輝き〜ベスト・オブ・カーペンターズ,アンソロジー【Disc.3&Disc.4】,見つめあう恋,カーペンターズ・フォーエバー,青春の輝き〜ベスト・オブ・カーペンターズ,アンソロジー【Disc.3&Disc.4】,見つめあう恋,カーペンターズ・フォーエバー,青春の輝き〜ベスト・オブ・カーペンターズ,アンソロジー【Disc.3&Disc.4】,見つめあう恋,カーペンターズ・フォーエバー,青春の輝き〜ベスト・オブ・カーペンターズ,アンソロジー【Disc.3&Disc.4】,見つめあう恋,カーペンターズ・フォーエバー,青春の輝き〜ベスト・オブ・カーペンターズ,アンソロジー【Disc.3&Disc.4】,見つめあう恋
恋よさようなら,カーペンターズ・フォーエバー,遙かなる影,カーペンターズ・フォーエバー,遙かなる影,カーペンターズ・フォーエバー,遙かなる影,カーペンターズ・フォーエバー,遙かなる影,カーペンターズ・フォーエバー,遙かなる影,カーペンターズ・フォーエバー,遙かなる影
愛にさようならを,イエスタディ・ワンス・モア/カーペンターズ・ゼア・グレイテスト・ヒッツ,イフ・アイ・ワー・ア・カーペンター〜カーペンターズに捧ぐ,イエスタディ・ワンス・モア/カーペンターズ・ゼア・グレイテスト・ヒッツ,イフ・アイ・ワー・ア・カーペンター〜カーペンターズに捧ぐ,イエスタディ・ワンス・モア/カーペンターズ・ゼア・グレイテスト・ヒッツ,イフ・アイ・ワー・ア・カーペンター〜カーペンターズに捧ぐ,イエスタディ・ワンス・モア/カーペンターズ・ゼア・グレイテスト・ヒッツ,イフ・アイ・ワー・ア・カーペンター〜カーペンターズに捧ぐ,イエスタディ・ワンス・モア/カーペンターズ・ゼア・グレイテスト・ヒッツ,イフ・アイ・ワー・ア・カーペンター〜カーペンターズに捧ぐ,イエスタディ・ワンス・モア/カーペンターズ・ゼア・グレイテスト・ヒッツ,イフ・アイ・ワー・ア・カーペンター〜カーペンターズに捧ぐ
ハーティング・イーチ・アザー,イエスタディ・ワンス・モア/カーペンターズ・ゼア・グレイテスト・ヒッツ,青春の輝き〜ベスト・オブ・カーペンターズ,カーペンターズ40/40 〜ベスト・セレクション(通常盤),イエスタデイ・ワンス・モア/カーペンターズ・ゼア・グレイテスト・ヒッツ,ベスト・プライス〜カーペンターズ・ベスト,イフ・アイ・ワー・ア・カーペンター〜カーペンターズに捧ぐ,トップ・オブ・ザ・ワールド,トップ・オブ・ザ・ワールド,トップ・オブ・ザ・ワールド,アンソロジー【Disc.3&Disc.4】,青春の輝き 2〜ラヴ・ソングス,ア・ソング・フォー・ユー,イエスタディ・ワンス・モア/カーペンターズ・ゼア・グレイテスト・ヒッツ,青春の輝き〜ベスト・オブ・カーペンターズ,カーペンターズ40/40 〜ベスト・セレクション(通常盤),イエスタデイ・ワンス・モア/カーペンターズ・ゼア・グレイテスト・ヒッツ,ベスト・プライス〜カーペンターズ・ベスト,イフ・アイ・ワー・ア・カーペンター〜カーペンターズに捧ぐ,トップ・オブ・ザ・ワールド,トップ・オブ・ザ・ワールド,トップ・オブ・ザ・ワールド,アンソロジー【Disc.3&Disc.4】,青春の輝き 2〜ラヴ・ソングス,ア・ソング・フォー・ユー,イエスタディ・ワンス・モア/カーペンターズ・ゼア・グレイテスト・ヒッツ,青春の輝き〜ベスト・オブ・カーペンターズ,カーペンターズ40/40 〜ベスト・セレクション(通常盤),イエスタデイ・ワンス・モア/カーペンターズ・ゼア・グレイテスト・ヒッツ,ベスト・プライス〜カーペンターズ・ベスト,イフ・アイ・ワー・ア・カーペンター〜カーペンターズに捧ぐ,トップ・オブ・ザ・ワールド,トップ・オブ・ザ・ワールド,トップ・オブ・ザ・ワールド,アンソロジー【Disc.3&Disc.4】,青春の輝き 2〜ラヴ・ソングス,ア・ソング・フォー・ユー,イエスタディ・ワンス・モア/カーペンターズ・ゼア・グレイテスト・ヒッツ,青春の輝き〜ベスト・オブ・カーペンターズ,カーペンターズ40/40 〜ベスト・セレクション(通常盤),イエスタデイ・ワンス・モア/カーペンターズ・ゼア・グレイテスト・ヒッツ,ベスト・プライス〜カーペンターズ・ベスト,イフ・アイ・ワー・ア・カーペンター〜カーペンターズに捧ぐ,トップ・オブ・ザ・ワールド,トップ・オブ・ザ・ワールド,トップ・オブ・ザ・ワールド,アンソロジー【Disc.3&Disc.4】,青春の輝き 2〜ラヴ・ソングス,ア・ソング・フォー・ユー,イエスタディ・ワンス・モア/カーペンターズ・ゼア・グレイテスト・ヒッツ,青春の輝き〜ベスト・オブ・カーペンターズ,カーペンターズ40/40 〜ベスト・セレクション(通常盤),イエスタデイ・ワンス・モア/カーペンターズ・ゼア・グレイテスト・ヒッツ,ベスト・プライス〜カーペンターズ・ベスト,イフ・アイ・ワー・ア・カーペンター〜カーペンターズに捧ぐ,トップ・オブ・ザ・ワールド,トップ・オブ・ザ・ワールド,トップ・オブ・ザ・ワールド,アンソロジー【Disc.3&Disc.4】,青春の輝き 2〜ラヴ・ソングス,ア・ソング・フォー・ユー,イエスタディ・ワンス・モア/カーペンターズ・ゼア・グレイテスト・ヒッツ,青春の輝き〜ベスト・オブ・カーペンターズ,カーペンターズ40/40 〜ベスト・セレクション(通常盤),イエスタデイ・ワンス・モア/カーペンターズ・ゼア・グレイテスト・ヒッツ,ベスト・プライス〜カーペンターズ・ベスト,イフ・アイ・ワー・ア・カーペンター〜カーペンターズに捧ぐ,トップ・オブ・ザ・ワールド,トップ・オブ・ザ・ワールド,トップ・オブ・ザ・ワールド,アンソロジー【Disc.3&Disc.4】,青春の輝き 2〜ラヴ・ソングス,ア・ソング・フォー・ユー
遠い思い出,イエスタディ・ワンス・モア/カーペンターズ・ゼア・グレイテスト・ヒッツ,イエスタディ・ワンス・モア/カーペンターズ・ゼア・グレイテスト・ヒッツ,イエスタディ・ワンス・モア/カーペンターズ・ゼア・グレイテスト・ヒッツ,イエスタディ・ワンス・モア/カーペンターズ・ゼア・グレイテスト・ヒッツ,イエスタディ・ワンス・モア/カーペンターズ・ゼア・グレイテスト・ヒッツ,イエスタディ・ワンス・モア/カーペンターズ・ゼア・グレイテスト・ヒッツ
ふたりのラヴ・ソング,イエスタディ・ワンス・モア/カーペンターズ・ゼア・グレイテスト・ヒッツ,カーペンターズ40/40 〜ベスト・セレクション(通常盤),イエスタデイ・ワンス・モア/カーペンターズ・ゼア・グレイテスト・ヒッツ,イエスタディ・ワンス・モア/カーペンターズ・ゼア・グレイテスト・ヒッツ,カーペンターズ40/40 〜ベスト・セレクション(通常盤),イエスタデイ・ワンス・モア/カーペンターズ・ゼア・グレイテスト・ヒッツ,イエスタディ・ワンス・モア/カーペンターズ・ゼア・グレイテスト・ヒッツ,カーペンターズ40/40 〜ベスト・セレクション(通常盤),イエスタデイ・ワンス・モア/カーペンターズ・ゼア・グレイテスト・ヒッツ,イエスタディ・ワンス・モア/カーペンターズ・ゼア・グレイテスト・ヒッツ,カーペンターズ40/40 〜ベスト・セレクション(通常盤),イエスタデイ・ワンス・モア/カーペンターズ・ゼア・グレイテスト・ヒッツ,イエスタディ・ワンス・モア/カーペンターズ・ゼア・グレイテスト・ヒッツ,カーペンターズ40/40 〜ベスト・セレクション(通常盤),イエスタデイ・ワンス・モア/カーペンターズ・ゼア・グレイテスト・ヒッツ,イエスタディ・ワンス・モア/カーペンターズ・ゼア・グレイテスト・ヒッツ,カーペンターズ40/40 〜ベスト・セレクション(通常盤),イエスタデイ・ワンス・モア/カーペンターズ・ゼア・グレイテスト・ヒッツ
星空への旅立ち(コーリング・オキュパンツ),イエスタディ・ワンス・モア/カーペンターズ・ゼア・グレイテスト・ヒッツ,イエスタディ・ワンス・モア/カーペンターズ・ゼア・グレイテスト・ヒッツ,イエスタディ・ワンス・モア/カーペンターズ・ゼア・グレイテスト・ヒッツ,イエスタディ・ワンス・モア/カーペンターズ・ゼア・グレイテスト・ヒッツ,イエスタディ・ワンス・モア/カーペンターズ・ゼア・グレイテスト・ヒッツ,イエスタディ・ワンス・モア/カーペンターズ・ゼア・グレイテスト・ヒッツ
スウィート・スマイル,青春の輝き〜ベスト・オブ・カーペンターズ,カーペンターズ40/40 〜ベスト・セレクション(通常盤),アンソロジー【Disc.3&Disc.4】,パッセージ,青春の輝き〜ベスト・オブ・カーペンターズ,カーペンターズ40/40 〜ベスト・セレクション(通常盤),アンソロジー【Disc.3&Disc.4】,パッセージ,青春の輝き〜ベスト・オブ・カーペンターズ,カーペンターズ40/40 〜ベスト・セレクション(通常盤),アンソロジー【Disc.3&Disc.4】,パッセージ,青春の輝き〜ベスト・オブ・カーペンターズ,カーペンターズ40/40 〜ベスト・セレクション(通常盤),アンソロジー【Disc.3&Disc.4】,パッセージ,青春の輝き〜ベスト・オブ・カーペンターズ,カーペンターズ40/40 〜ベスト・セレクション(通常盤),アンソロジー【Disc.3&Disc.4】,パッセージ,青春の輝き〜ベスト・オブ・カーペンターズ,カーペンターズ40/40 〜ベスト・セレクション(通常盤),アンソロジー【Disc.3&Disc.4】,パッセージ
ラヴ・イズ・サレンダー,カーペンターズ40/40 〜ベスト・セレクション(通常盤),カーペンターズ 〜20/20 ベスト・オブ・ベスト・セレクション,遙かなる影,カーペンターズ40/40 〜ベスト・セレクション(通常盤),カーペンターズ 〜20/20 ベスト・オブ・ベスト・セレクション,遙かなる影,カーペンターズ40/40 〜ベスト・セレクション(通常盤),カーペンターズ 〜20/20 ベスト・オブ・ベスト・セレクション,遙かなる影,カーペンターズ40/40 〜ベスト・セレクション(通常盤),カーペンターズ 〜20/20 ベスト・オブ・ベスト・セレクション,遙かなる影,カーペンターズ40/40 〜ベスト・セレクション(通常盤),カーペンターズ 〜20/20 ベスト・オブ・ベスト・セレクション,遙かなる影,カーペンターズ40/40 〜ベスト・セレクション(通常盤),カーペンターズ 〜20/20 ベスト・オブ・ベスト・セレクション,遙かなる影
メイビー・イッツ・ユー,カーペンターズ40/40 〜ベスト・セレクション(通常盤),カーペンターズ 〜20/20 ベスト・オブ・ベスト・セレクション,遙かなる影,カーペンターズ40/40 〜ベスト・セレクション(通常盤),カーペンターズ 〜20/20 ベスト・オブ・ベスト・セレクション,遙かなる影,カーペンターズ40/40 〜ベスト・セレクション(通常盤),カーペンターズ 〜20/20 ベスト・オブ・ベスト・セレクション,遙かなる影,カーペンターズ40/40 〜ベスト・セレクション(通常盤),カーペンターズ 〜20/20 ベスト・オブ・ベスト・セレクション,遙かなる影,カーペンターズ40/40 〜ベスト・セレクション(通常盤),カーペンターズ 〜20/20 ベスト・オブ・ベスト・セレクション,遙かなる影,カーペンターズ40/40 〜ベスト・セレクション(通常盤),カーペンターズ 〜20/20 ベスト・オブ・ベスト・セレクション,遙かなる影
リーズン・トゥ・ビリーヴ,カーペンターズ40/40 〜ベスト・セレクション(通常盤),カーペンターズ 〜20/20 ベスト・オブ・ベスト・セレクション,遙かなる影,カーペンターズ40/40 〜ベスト・セレクション(通常盤),カーペンターズ 〜20/20 ベスト・オブ・ベスト・セレクション,遙かなる影,カーペンターズ40/40 〜ベスト・セレクション(通常盤),カーペンターズ 〜20/20 ベスト・オブ・ベスト・セレクション,遙かなる影,カーペンターズ40/40 〜ベスト・セレクション(通常盤),カーペンターズ 〜20/20 ベスト・オブ・ベスト・セレクション,遙かなる影,カーペンターズ40/40 〜ベスト・セレクション(通常盤),カーペンターズ 〜20/20 ベスト・オブ・ベスト・セレクション,遙かなる影,カーペンターズ40/40 〜ベスト・セレクション(通常盤),カーペンターズ 〜20/20 ベスト・オブ・ベスト・セレクション,遙かなる影
愛のゆくえ,カーペンターズ40/40 〜ベスト・セレクション(通常盤),青春の輝き 2〜ラヴ・ソングス,愛の軌跡〜ラヴラインズ,カーペンターズ40/40 〜ベスト・セレクション(通常盤),青春の輝き 2〜ラヴ・ソングス,愛の軌跡〜ラヴラインズ,カーペンターズ40/40 〜ベスト・セレクション(通常盤),青春の輝き 2〜ラヴ・ソングス,愛の軌跡〜ラヴラインズ,カーペンターズ40/40 〜ベスト・セレクション(通常盤),青春の輝き 2〜ラヴ・ソングス,愛の軌跡〜ラヴラインズ,カーペンターズ40/40 〜ベスト・セレクション(通常盤),青春の輝き 2〜ラヴ・ソングス,愛の軌跡〜ラヴラインズ,カーペンターズ40/40 〜ベスト・セレクション(通常盤),青春の輝き 2〜ラヴ・ソングス,愛の軌跡〜ラヴラインズ
ワン・モア・タイム,カーペンターズ40/40 〜ベスト・セレクション(通常盤),見つめあう恋,カーペンターズ40/40 〜ベスト・セレクション(通常盤),見つめあう恋,カーペンターズ40/40 〜ベスト・セレクション(通常盤),見つめあう恋,カーペンターズ40/40 〜ベスト・セレクション(通常盤),見つめあう恋,カーペンターズ40/40 〜ベスト・セレクション(通常盤),見つめあう恋,カーペンターズ40/40 〜ベスト・セレクション(通常盤),見つめあう恋
遠い想い出,カーペンターズ40/40 〜ベスト・セレクション(通常盤),イエスタデイ・ワンス・モア/カーペンターズ・ゼア・グレイテスト・ヒッツ,カーペンターズ 〜20/20 ベスト・オブ・ベスト・セレクション,ベスト・プライス〜カーペンターズ・ベスト,アンソロジー【Disc.1&Disc.2】,メイド・イン・アメリカ,カーペンターズ40/40 〜ベスト・セレクション(通常盤),イエスタデイ・ワンス・モア/カーペンターズ・ゼア・グレイテスト・ヒッツ,カーペンターズ 〜20/20 ベスト・オブ・ベスト・セレクション,ベスト・プライス〜カーペンターズ・ベスト,アンソロジー【Disc.1&Disc.2】,メイド・イン・アメリカ,カーペンターズ40/40 〜ベスト・セレクション(通常盤),イエスタデイ・ワンス・モア/カーペンターズ・ゼア・グレイテスト・ヒッツ,カーペンターズ 〜20/20 ベスト・オブ・ベスト・セレクション,ベスト・プライス〜カーペンターズ・ベスト,アンソロジー【Disc.1&Disc.2】,メイド・イン・アメリカ,カーペンターズ40/40 〜ベスト・セレクション(通常盤),イエスタデイ・ワンス・モア/カーペンターズ・ゼア・グレイテスト・ヒッツ,カーペンターズ 〜20/20 ベスト・オブ・ベスト・セレクション,ベスト・プライス〜カーペンターズ・ベスト,アンソロジー【Disc.1&Disc.2】,メイド・イン・アメリカ,カーペンターズ40/40 〜ベスト・セレクション(通常盤),イエスタデイ・ワンス・モア/カーペンターズ・ゼア・グレイテスト・ヒッツ,カーペンターズ 〜20/20 ベスト・オブ・ベスト・セレクション,ベスト・プライス〜カーペンターズ・ベスト,アンソロジー【Disc.1&Disc.2】,メイド・イン・アメリカ,カーペンターズ40/40 〜ベスト・セレクション(通常盤),イエスタデイ・ワンス・モア/カーペンターズ・ゼア・グレイテスト・ヒッツ,カーペンターズ 〜20/20 ベスト・オブ・ベスト・セレクション,ベスト・プライス〜カーペンターズ・ベスト,アンソロジー【Disc.1&Disc.2】,メイド・イン・アメリカ
クリスタル・ララバイ,カーペンターズ40/40 〜ベスト・セレクション(通常盤),カーペンターズ 〜20/20 ベスト・オブ・ベスト・セレクション,トップ・オブ・ザ・ワールド,トップ・オブ・ザ・ワールド,トップ・オブ・ザ・ワールド,ア・ソング・フォー・ユー,カーペンターズ40/40 〜ベスト・セレクション(通常盤),カーペンターズ 〜20/20 ベスト・オブ・ベスト・セレクション,トップ・オブ・ザ・ワールド,トップ・オブ・ザ・ワールド,トップ・オブ・ザ・ワールド,ア・ソング・フォー・ユー,カーペンターズ40/40 〜ベスト・セレクション(通常盤),カーペンターズ 〜20/20 ベスト・オブ・ベスト・セレクション,トップ・オブ・ザ・ワールド,トップ・オブ・ザ・ワールド,トップ・オブ・ザ・ワールド,ア・ソング・フォー・ユー,カーペンターズ40/40 〜ベスト・セレクション(通常盤),カーペンターズ 〜20/20 ベスト・オブ・ベスト・セレクション,トップ・オブ・ザ・ワールド,トップ・オブ・ザ・ワールド,トップ・オブ・ザ・ワールド,ア・ソング・フォー・ユー,カーペンターズ40/40 〜ベスト・セレクション(通常盤),カーペンターズ 〜20/20 ベスト・オブ・ベスト・セレクション,トップ・オブ・ザ・ワールド,トップ・オブ・ザ・ワールド,トップ・オブ・ザ・ワールド,ア・ソング・フォー・ユー,カーペンターズ40/40 〜ベスト・セレクション(通常盤),カーペンターズ 〜20/20 ベスト・オブ・ベスト・セレクション,トップ・オブ・ザ・ワールド,トップ・オブ・ザ・ワールド,トップ・オブ・ザ・ワールド,ア・ソング・フォー・ユー
アイ・ビリーヴ・ユー,カーペンターズ40/40 〜ベスト・セレクション(通常盤),カーペンターズ 〜20/20 ベスト・オブ・ベスト・セレクション,ベスト・プライス〜カーペンターズ・ベスト,メイド・イン・アメリカ,カーペンターズ40/40 〜ベスト・セレクション(通常盤),カーペンターズ 〜20/20 ベスト・オブ・ベスト・セレクション,ベスト・プライス〜カーペンターズ・ベスト,メイド・イン・アメリカ,カーペンターズ40/40 〜ベスト・セレクション(通常盤),カーペンターズ 〜20/20 ベスト・オブ・ベスト・セレクション,ベスト・プライス〜カーペンターズ・ベスト,メイド・イン・アメリカ,カーペンターズ40/40 〜ベスト・セレクション(通常盤),カーペンターズ 〜20/20 ベスト・オブ・ベスト・セレクション,ベスト・プライス〜カーペンターズ・ベスト,メイド・イン・アメリカ,カーペンターズ40/40 〜ベスト・セレクション(通常盤),カーペンターズ 〜20/20 ベスト・オブ・ベスト・セレクション,ベスト・プライス〜カーペンターズ・ベスト,メイド・イン・アメリカ,カーペンターズ40/40 〜ベスト・セレクション(通常盤),カーペンターズ 〜20/20 ベスト・オブ・ベスト・セレクション,ベスト・プライス〜カーペンターズ・ベスト,メイド・イン・アメリカ
動物と子供達の詩,カーペンターズ40/40 〜ベスト・セレクション(通常盤),カーペンターズ 〜20/20 ベスト・オブ・ベスト・セレクション,ア・ソング・フォー・ユー,カーペンターズ40/40 〜ベスト・セレクション(通常盤),カーペンターズ 〜20/20 ベスト・オブ・ベスト・セレクション,ア・ソング・フォー・ユー,カーペンターズ40/40 〜ベスト・セレクション(通常盤),カーペンターズ 〜20/20 ベスト・オブ・ベスト・セレクション,ア・ソング・フォー・ユー,カーペンターズ40/40 〜ベスト・セレクション(通常盤),カーペンターズ 〜20/20 ベスト・オブ・ベスト・セレクション,ア・ソング・フォー・ユー,カーペンターズ40/40 〜ベスト・セレクション(通常盤),カーペンターズ 〜20/20 ベスト・オブ・ベスト・セレクション,ア・ソング・フォー・ユー,カーペンターズ40/40 〜ベスト・セレクション(通常盤),カーペンターズ 〜20/20 ベスト・オブ・ベスト・セレクション,ア・ソング・フォー・ユー
星空に愛を(コーリング・オキュパンツ),カーペンターズ40/40 〜ベスト・セレクション(通常盤),カーペンターズ40/40 〜ベスト・セレクション(通常盤),カーペンターズ40/40 〜ベスト・セレクション(通常盤),カーペンターズ40/40 〜ベスト・セレクション(通常盤),カーペンターズ40/40 〜ベスト・セレクション(通常盤),カーペンターズ40/40 〜ベスト・セレクション(通常盤)
ナウ,カーペンターズ40/40 〜ベスト・セレクション(通常盤),アンソロジー【Disc.3&Disc.4】,カーペンターズ40/40 〜ベスト・セレクション(通常盤),アンソロジー【Disc.3&Disc.4】,カーペンターズ40/40 〜ベスト・セレクション(通常盤),アンソロジー【Disc.3&Disc.4】,カーペンターズ40/40 〜ベスト・セレクション(通常盤),アンソロジー【Disc.3&Disc.4】,カーペンターズ40/40 〜ベスト・セレクション(通常盤),アンソロジー【Disc.3&Disc.4】,カーペンターズ40/40 〜ベスト・セレクション(通常盤),アンソロジー【Disc.3&Disc.4】
ア・ソング・フォー・ユー,カーペンターズ40/40 〜ベスト・セレクション(通常盤),トップ・オブ・ザ・ワールド,トップ・オブ・ザ・ワールド,トップ・オブ・ザ・ワールド,トップ・オブ・ザ・ワールド,トップ・オブ・ザ・ワールド,アンソロジー【Disc.1&Disc.2】,青春の輝き 2〜ラヴ・ソングス,ア・ソング・フォー・ユー,ア・ソング・フォー・ユー,カーペンターズ40/40 〜ベスト・セレクション(通常盤),トップ・オブ・ザ・ワールド,トップ・オブ・ザ・ワールド,トップ・オブ・ザ・ワールド,トップ・オブ・ザ・ワールド,トップ・オブ・ザ・ワールド,アンソロジー【Disc.1&Disc.2】,青春の輝き 2〜ラヴ・ソングス,ア・ソング・フォー・ユー,ア・ソング・フォー・ユー,カーペンターズ40/40 〜ベスト・セレクション(通常盤),トップ・オブ・ザ・ワールド,トップ・オブ・ザ・ワールド,トップ・オブ・ザ・ワールド,トップ・オブ・ザ・ワールド,トップ・オブ・ザ・ワールド,アンソロジー【Disc.1&Disc.2】,青春の輝き 2〜ラヴ・ソングス,ア・ソング・フォー・ユー,ア・ソング・フォー・ユー,カーペンターズ40/40 〜ベスト・セレクション(通常盤),トップ・オブ・ザ・ワールド,トップ・オブ・ザ・ワールド,トップ・オブ・ザ・ワールド,トップ・オブ・ザ・ワールド,トップ・オブ・ザ・ワールド,アンソロジー【Disc.1&Disc.2】,青春の輝き 2〜ラヴ・ソングス,ア・ソング・フォー・ユー,ア・ソング・フォー・ユー,カーペンターズ40/40 〜ベスト・セレクション(通常盤),トップ・オブ・ザ・ワールド,トップ・オブ・ザ・ワールド,トップ・オブ・ザ・ワールド,トップ・オブ・ザ・ワールド,トップ・オブ・ザ・ワールド,アンソロジー【Disc.1&Disc.2】,青春の輝き 2〜ラヴ・ソングス,ア・ソング・フォー・ユー,ア・ソング・フォー・ユー,カーペンターズ40/40 〜ベスト・セレクション(通常盤),トップ・オブ・ザ・ワールド,トップ・オブ・ザ・ワールド,トップ・オブ・ザ・ワールド,トップ・オブ・ザ・ワールド,トップ・オブ・ザ・ワールド,アンソロジー【Disc.1&Disc.2】,青春の輝き 2〜ラヴ・ソングス,ア・ソング・フォー・ユー,ア・ソング・フォー・ユー
オーディナリー・フール,カーペンターズ40/40 〜ベスト・セレクション(通常盤),カーペンターズ40/40 〜ベスト・セレクション(通常盤),カーペンターズ40/40 〜ベスト・セレクション(通常盤),カーペンターズ40/40 〜ベスト・セレクション(通常盤),カーペンターズ40/40 〜ベスト・セレクション(通常盤),カーペンターズ40/40 〜ベスト・セレクション(通常盤)
すばらしき人生,カーペンターズ40/40 〜ベスト・セレクション(通常盤),メイド・イン・アメリカ,カーペンターズ40/40 〜ベスト・セレクション(通常盤),メイド・イン・アメリカ,カーペンターズ40/40 〜ベスト・セレクション(通常盤),メイド・イン・アメリカ,カーペンターズ40/40 〜ベスト・セレクション(通常盤),メイド・イン・アメリカ,カーペンターズ40/40 〜ベスト・セレクション(通常盤),メイド・イン・アメリカ,カーペンターズ40/40 〜ベスト・セレクション(通常盤),メイド・イン・アメリカ
ユア・ベイビー,カーペンターズ40/40 〜ベスト・セレクション(通常盤),カーペンターズ40/40 〜ベスト・セレクション(通常盤),カーペンターズ40/40 〜ベスト・セレクション(通常盤),カーペンターズ40/40 〜ベスト・セレクション(通常盤),カーペンターズ40/40 〜ベスト・セレクション(通常盤),カーペンターズ40/40 〜ベスト・セレクション(通常盤)
ベイビー・イッツ・ユー,カーペンターズ40/40 〜ベスト・セレクション(通常盤),カーペンターズ 〜20/20 ベスト・オブ・ベスト・セレクション,遙かなる影,カーペンターズ40/40 〜ベスト・セレクション(通常盤),カーペンターズ 〜20/20 ベスト・オブ・ベスト・セレクション,遙かなる影,カーペンターズ40/40 〜ベスト・セレクション(通常盤),カーペンターズ 〜20/20 ベスト・オブ・ベスト・セレクション,遙かなる影,カーペンターズ40/40 〜ベスト・セレクション(通常盤),カーペンターズ 〜20/20 ベスト・オブ・ベスト・セレクション,遙かなる影,カーペンターズ40/40 〜ベスト・セレクション(通常盤),カーペンターズ 〜20/20 ベスト・オブ・ベスト・セレクション,遙かなる影,カーペンターズ40/40 〜ベスト・セレクション(通常盤),カーペンターズ 〜20/20 ベスト・オブ・ベスト・セレクション,遙かなる影
涙の色は,カーペンターズ40/40 〜ベスト・セレクション(通常盤),メイド・イン・アメリカ,カーペンターズ40/40 〜ベスト・セレクション(通常盤),メイド・イン・アメリカ,カーペンターズ40/40 〜ベスト・セレクション(通常盤),メイド・イン・アメリカ,カーペンターズ40/40 〜ベスト・セレクション(通常盤),メイド・イン・アメリカ,カーペンターズ40/40 〜ベスト・セレクション(通常盤),メイド・イン・アメリカ,カーペンターズ40/40 〜ベスト・セレクション(通常盤),メイド・イン・アメリカ
イエスタデイ・ワンス・モア(リミックス),イエスタデイ・ワンス・モア/カーペンターズ・ゼア・グレイテスト・ヒッツ,イエスタデイ・ワンス・モア/カーペンターズ・ゼア・グレイテスト・ヒッツ,イエスタデイ・ワンス・モア/カーペンターズ・ゼア・グレイテスト・ヒッツ,イエスタデイ・ワンス・モア/カーペンターズ・ゼア・グレイテスト・ヒッツ,イエスタデイ・ワンス・モア/カーペンターズ・ゼア・グレイテスト・ヒッツ,イエスタデイ・ワンス・モア/カーペンターズ・ゼア・グレイテスト・ヒッツ
スーパースター(リミックス),イエスタデイ・ワンス・モア/カーペンターズ・ゼア・グレイテスト・ヒッツ,イエスタデイ・ワンス・モア/カーペンターズ・ゼア・グレイテスト・ヒッツ,イエスタデイ・ワンス・モア/カーペンターズ・ゼア・グレイテスト・ヒッツ,イエスタデイ・ワンス・モア/カーペンターズ・ゼア・グレイテスト・ヒッツ,イエスタデイ・ワンス・モア/カーペンターズ・ゼア・グレイテスト・ヒッツ,イエスタデイ・ワンス・モア/カーペンターズ・ゼア・グレイテスト・ヒッツ
雨の日と月曜日は(リミックス),イエスタデイ・ワンス・モア/カーペンターズ・ゼア・グレイテスト・ヒッツ,イエスタデイ・ワンス・モア/カーペンターズ・ゼア・グレイテスト・ヒッツ,イエスタデイ・ワンス・モア/カーペンターズ・ゼア・グレイテスト・ヒッツ,イエスタデイ・ワンス・モア/カーペンターズ・ゼア・グレイテスト・ヒッツ,イエスタデイ・ワンス・モア/カーペンターズ・ゼア・グレイテスト・ヒッツ,イエスタデイ・ワンス・モア/カーペンターズ・ゼア・グレイテスト・ヒッツ
トップ・オブ・ザ・ワールド(シングル・ミックス),イエスタデイ・ワンス・モア/カーペンターズ・ゼア・グレイテスト・ヒッツ,イエスタデイ・ワンス・モア/カーペンターズ・ゼア・グレイテスト・ヒッツ,イエスタデイ・ワンス・モア/カーペンターズ・ゼア・グレイテスト・ヒッツ,イエスタデイ・ワンス・モア/カーペンターズ・ゼア・グレイテスト・ヒッツ,イエスタデイ・ワンス・モア/カーペンターズ・ゼア・グレイテスト・ヒッツ,イエスタデイ・ワンス・モア/カーペンターズ・ゼア・グレイテスト・ヒッツ
愛にさようならを(リミックス),イエスタデイ・ワンス・モア/カーペンターズ・ゼア・グレイテスト・ヒッツ,イエスタデイ・ワンス・モア/カーペンターズ・ゼア・グレイテスト・ヒッツ,イエスタデイ・ワンス・モア/カーペンターズ・ゼア・グレイテスト・ヒッツ,イエスタデイ・ワンス・モア/カーペンターズ・ゼア・グレイテスト・ヒッツ,イエスタデイ・ワンス・モア/カーペンターズ・ゼア・グレイテスト・ヒッツ,イエスタデイ・ワンス・モア/カーペンターズ・ゼア・グレイテスト・ヒッツ
愛のプレリュード(リミックス),イエスタデイ・ワンス・モア/カーペンターズ・ゼア・グレイテスト・ヒッツ,イエスタデイ・ワンス・モア/カーペンターズ・ゼア・グレイテスト・ヒッツ,イエスタデイ・ワンス・モア/カーペンターズ・ゼア・グレイテスト・ヒッツ,イエスタデイ・ワンス・モア/カーペンターズ・ゼア・グレイテスト・ヒッツ,イエスタデイ・ワンス・モア/カーペンターズ・ゼア・グレイテスト・ヒッツ,イエスタデイ・ワンス・モア/カーペンターズ・ゼア・グレイテスト・ヒッツ
星空への旅立ち(コーリング・オキュパンツ)(リミックス),イエスタデイ・ワンス・モア/カーペンターズ・ゼア・グレイテスト・ヒッツ,イエスタデイ・ワンス・モア/カーペンターズ・ゼア・グレイテスト・ヒッツ,イエスタデイ・ワンス・モア/カーペンターズ・ゼア・グレイテスト・ヒッツ,イエスタデイ・ワンス・モア/カーペンターズ・ゼア・グレイテスト・ヒッツ,イエスタデイ・ワンス・モア/カーペンターズ・ゼア・グレイテスト・ヒッツ,イエスタデイ・ワンス・モア/カーペンターズ・ゼア・グレイテスト・ヒッツ
二人のラヴ・ソング,ベスト・プライス〜カーペンターズ・ベスト,アンソロジー【Disc.1&Disc.2】,青春の輝き 2〜ラヴ・ソングス,パッセージ,ベスト・プライス〜カーペンターズ・ベスト,アンソロジー【Disc.1&Disc.2】,青春の輝き 2〜ラヴ・ソングス,パッセージ,ベスト・プライス〜カーペンターズ・ベスト,アンソロジー【Disc.1&Disc.2】,青春の輝き 2〜ラヴ・ソングス,パッセージ,ベスト・プライス〜カーペンターズ・ベスト,アンソロジー【Disc.1&Disc.2】,青春の輝き 2〜ラヴ・ソングス,パッセージ,ベスト・プライス〜カーペンターズ・ベスト,アンソロジー【Disc.1&Disc.2】,青春の輝き 2〜ラヴ・ソングス,パッセージ,ベスト・プライス〜カーペンターズ・ベスト,アンソロジー【Disc.1&Disc.2】,青春の輝き 2〜ラヴ・ソングス,パッセージ
ふたりの誓い(リプライズ),ベスト・プライス〜カーペンターズ・ベスト,ベスト・プライス〜カーペンターズ・ベスト,ベスト・プライス〜カーペンターズ・ベスト,ベスト・プライス〜カーペンターズ・ベスト,ベスト・プライス〜カーペンターズ・ベスト,ベスト・プライス〜カーペンターズ・ベスト
星空への旅立ち〜コーリング・オキュパンツ,イフ・アイ・ワー・ア・カーペンター〜カーペンターズに捧ぐ,イフ・アイ・ワー・ア・カーペンター〜カーペンターズに捧ぐ,イフ・アイ・ワー・ア・カーペンター〜カーペンターズに捧ぐ,イフ・アイ・ワー・ア・カーペンター〜カーペンターズに捧ぐ,イフ・アイ・ワー・ア・カーペンター〜カーペンターズに捧ぐ,イフ・アイ・ワー・ア・カーペンター〜カーペンターズに捧ぐ
動物と子供たちの詩,イフ・アイ・ワー・ア・カーペンター〜カーペンターズに捧ぐ,トップ・オブ・ザ・ワールド,トップ・オブ・ザ・ワールド,トップ・オブ・ザ・ワールド,アンソロジー【Disc.1&Disc.2】,イフ・アイ・ワー・ア・カーペンター〜カーペンターズに捧ぐ,トップ・オブ・ザ・ワールド,トップ・オブ・ザ・ワールド,トップ・オブ・ザ・ワールド,アンソロジー【Disc.1&Disc.2】,イフ・アイ・ワー・ア・カーペンター〜カーペンターズに捧ぐ,トップ・オブ・ザ・ワールド,トップ・オブ・ザ・ワールド,トップ・オブ・ザ・ワールド,アンソロジー【Disc.1&Disc.2】,イフ・アイ・ワー・ア・カーペンター〜カーペンターズに捧ぐ,トップ・オブ・ザ・ワールド,トップ・オブ・ザ・ワールド,トップ・オブ・ザ・ワールド,アンソロジー【Disc.1&Disc.2】,イフ・アイ・ワー・ア・カーペンター〜カーペンターズに捧ぐ,トップ・オブ・ザ・ワールド,トップ・オブ・ザ・ワールド,トップ・オブ・ザ・ワールド,アンソロジー【Disc.1&Disc.2】,イフ・アイ・ワー・ア・カーペンター〜カーペンターズに捧ぐ,トップ・オブ・ザ・ワールド,トップ・オブ・ザ・ワールド,トップ・オブ・ザ・ワールド,アンソロジー【Disc.1&Disc.2】
明日への旅路,スーパー・ベスト,トップ・オブ・ザ・ワールド,トップ・オブ・ザ・ワールド,トップ・オブ・ザ・ワールド,バイ・リクエスト,ア・ソング・フォー・ユー,スーパー・ベスト,トップ・オブ・ザ・ワールド,トップ・オブ・ザ・ワールド,トップ・オブ・ザ・ワールド,バイ・リクエスト,ア・ソング・フォー・ユー,スーパー・ベスト,トップ・オブ・ザ・ワールド,トップ・オブ・ザ・ワールド,トップ・オブ・ザ・ワールド,バイ・リクエスト,ア・ソング・フォー・ユー,スーパー・ベスト,トップ・オブ・ザ・ワールド,トップ・オブ・ザ・ワールド,トップ・オブ・ザ・ワールド,バイ・リクエスト,ア・ソング・フォー・ユー,スーパー・ベスト,トップ・オブ・ザ・ワールド,トップ・オブ・ザ・ワールド,トップ・オブ・ザ・ワールド,バイ・リクエスト,ア・ソング・フォー・ユー,スーパー・ベスト,トップ・オブ・ザ・ワールド,トップ・オブ・ザ・ワールド,トップ・オブ・ザ・ワールド,バイ・リクエスト,ア・ソング・フォー・ユー
ミスター・グーダー,スーパー・ベスト,アンソロジー【Disc.3&Disc.4】,バイ・リクエスト,遙かなる影,スーパー・ベスト,アンソロジー【Disc.3&Disc.4】,バイ・リクエスト,遙かなる影,スーパー・ベスト,アンソロジー【Disc.3&Disc.4】,バイ・リクエスト,遙かなる影,スーパー・ベスト,アンソロジー【Disc.3&Disc.4】,バイ・リクエスト,遙かなる影,スーパー・ベスト,アンソロジー【Disc.3&Disc.4】,バイ・リクエスト,遙かなる影,スーパー・ベスト,アンソロジー【Disc.3&Disc.4】,バイ・リクエスト,遙かなる影
ユー,スーパー・ベスト,バイ・リクエスト,見つめあう恋,スーパー・ベスト,バイ・リクエスト,見つめあう恋,スーパー・ベスト,バイ・リクエスト,見つめあう恋,スーパー・ベスト,バイ・リクエスト,見つめあう恋,スーパー・ベスト,バイ・リクエスト,見つめあう恋,スーパー・ベスト,バイ・リクエスト,見つめあう恋
微笑の泉,スーパー・ベスト,バイ・リクエスト,見つめあう恋,スーパー・ベスト,バイ・リクエスト,見つめあう恋,スーパー・ベスト,バイ・リクエスト,見つめあう恋,スーパー・ベスト,バイ・リクエスト,見つめあう恋,スーパー・ベスト,バイ・リクエスト,見つめあう恋,スーパー・ベスト,バイ・リクエスト,見つめあう恋
ハッピー,スーパー・ベスト,バイ・リクエスト,緑の地平線(ホライゾン),緑の地平線(ホライゾン),スーパー・ベスト,バイ・リクエスト,緑の地平線(ホライゾン),緑の地平線(ホライゾン),スーパー・ベスト,バイ・リクエスト,緑の地平線(ホライゾン),緑の地平線(ホライゾン),スーパー・ベスト,バイ・リクエスト,緑の地平線(ホライゾン),緑の地平線(ホライゾン),スーパー・ベスト,バイ・リクエスト,緑の地平線(ホライゾン),緑の地平線(ホライゾン),スーパー・ベスト,バイ・リクエスト,緑の地平線(ホライゾン),緑の地平線(ホライゾン)
アイ・キャント・メイク・ミュージック,スーパー・ベスト,バイ・リクエスト,ナウ・アンド・ゼン,スーパー・ベスト,バイ・リクエスト,ナウ・アンド・ゼン,スーパー・ベスト,バイ・リクエスト,ナウ・アンド・ゼン,スーパー・ベスト,バイ・リクエスト,ナウ・アンド・ゼン,スーパー・ベスト,バイ・リクエスト,ナウ・アンド・ゼン,スーパー・ベスト,バイ・リクエスト,ナウ・アンド・ゼン
オンリー・イエスタディ,スーパー・ベスト,バイ・リクエスト,緑の地平線(ホライゾン),スーパー・ベスト,バイ・リクエスト,緑の地平線(ホライゾン),スーパー・ベスト,バイ・リクエスト,緑の地平線(ホライゾン),スーパー・ベスト,バイ・リクエスト,緑の地平線(ホライゾン),スーパー・ベスト,バイ・リクエスト,緑の地平線(ホライゾン),スーパー・ベスト,バイ・リクエスト,緑の地平線(ホライゾン)
愛は永遠,スーパー・ベスト,スーパー・ベスト,スーパー・ベスト,スーパー・ベスト,スーパー・ベスト,スーパー・ベスト
インター・ミッション,トップ・オブ・ザ・ワールド,トップ・オブ・ザ・ワールド,トップ・オブ・ザ・ワールド,トップ・オブ・ザ・ワールド,トップ・オブ・ザ・ワールド,トップ・オブ・ザ・ワールド,トップ・オブ・ザ・ワールド,トップ・オブ・ザ・ワールド,トップ・オブ・ザ・ワールド,トップ・オブ・ザ・ワールド,トップ・オブ・ザ・ワールド,トップ・オブ・ザ・ワールド
フラット・バロック,トップ・オブ・ザ・ワールド,トップ・オブ・ザ・ワールド,トップ・オブ・ザ・ワールド,ア・ソング・フォー・ユー,トップ・オブ・ザ・ワールド,トップ・オブ・ザ・ワールド,トップ・オブ・ザ・ワールド,ア・ソング・フォー・ユー,トップ・オブ・ザ・ワールド,トップ・オブ・ザ・ワールド,トップ・オブ・ザ・ワールド,ア・ソング・フォー・ユー,トップ・オブ・ザ・ワールド,トップ・オブ・ザ・ワールド,トップ・オブ・ザ・ワールド,ア・ソング・フォー・ユー,トップ・オブ・ザ・ワールド,トップ・オブ・ザ・ワールド,トップ・オブ・ザ・ワールド,ア・ソング・フォー・ユー,トップ・オブ・ザ・ワールド,トップ・オブ・ザ・ワールド,トップ・オブ・ザ・ワールド,ア・ソング・フォー・ユー
ピアノ・ピッカー,トップ・オブ・ザ・ワールド,トップ・オブ・ザ・ワールド,トップ・オブ・ザ・ワールド,ア・ソング・フォー・ユー,トップ・オブ・ザ・ワールド,トップ・オブ・ザ・ワールド,トップ・オブ・ザ・ワールド,ア・ソング・フォー・ユー,トップ・オブ・ザ・ワールド,トップ・オブ・ザ・ワールド,トップ・オブ・ザ・ワールド,ア・ソング・フォー・ユー,トップ・オブ・ザ・ワールド,トップ・オブ・ザ・ワールド,トップ・オブ・ザ・ワールド,ア・ソング・フォー・ユー,トップ・オブ・ザ・ワールド,トップ・オブ・ザ・ワールド,トップ・オブ・ザ・ワールド,ア・ソング・フォー・ユー,トップ・オブ・ザ・ワールド,トップ・オブ・ザ・ワールド,トップ・オブ・ザ・ワールド,ア・ソング・フォー・ユー
インターミッション,トップ・オブ・ザ・ワールド,ア・ソング・フォー・ユー,トップ・オブ・ザ・ワールド,ア・ソング・フォー・ユー,トップ・オブ・ザ・ワールド,ア・ソング・フォー・ユー,トップ・オブ・ザ・ワールド,ア・ソング・フォー・ユー,トップ・オブ・ザ・ワールド,ア・ソング・フォー・ユー,トップ・オブ・ザ・ワールド,ア・ソング・フォー・ユー
ア・ソング・フォー・ユー(リプライズ),トップ・オブ・ザ・ワールド,トップ・オブ・ザ・ワールド,トップ・オブ・ザ・ワールド,トップ・オブ・ザ・ワールド,トップ・オブ・ザ・ワールド,トップ・オブ・ザ・ワールド
ウェディング・ソング,アンソロジー【Disc.1&Disc.2】,メイド・イン・アメリカ,アンソロジー【Disc.1&Disc.2】,メイド・イン・アメリカ,アンソロジー【Disc.1&Disc.2】,メイド・イン・アメリカ,アンソロジー【Disc.1&Disc.2】,メイド・イン・アメリカ,アンソロジー【Disc.1&Disc.2】,メイド・イン・アメリカ,アンソロジー【Disc.1&Disc.2】,メイド・イン・アメリカ
アヴェ・マリア,アンソロジー【Disc.1&Disc.2】,アンソロジー【Disc.1&Disc.2】,アンソロジー【Disc.1&Disc.2】,アンソロジー【Disc.1&Disc.2】,アンソロジー【Disc.1&Disc.2】,アンソロジー【Disc.1&Disc.2】
星空に愛を,アンソロジー【Disc.1&Disc.2】,アンソロジー【Disc.1&Disc.2】,アンソロジー【Disc.1&Disc.2】,アンソロジー【Disc.1&Disc.2】,アンソロジー【Disc.1&Disc.2】,アンソロジー【Disc.1&Disc.2】
愛は虹の色(デスペラード),アンソロジー【Disc.1&Disc.2】,アンソロジー【Disc.1&Disc.2】,アンソロジー【Disc.1&Disc.2】,アンソロジー【Disc.1&Disc.2】,アンソロジー【Disc.1&Disc.2】,アンソロジー【Disc.1&Disc.2】
バック・イン・マイ・ライフ,アンソロジー【Disc.1&Disc.2】,メイド・イン・アメリカ,アンソロジー【Disc.1&Disc.2】,メイド・イン・アメリカ,アンソロジー【Disc.1&Disc.2】,メイド・イン・アメリカ,アンソロジー【Disc.1&Disc.2】,メイド・イン・アメリカ,アンソロジー【Disc.1&Disc.2】,メイド・イン・アメリカ,アンソロジー【Disc.1&Disc.2】,メイド・イン・アメリカ
イエスタデイワンスモア;ファン、ファン、ファン|この世の果てまで|ハイロンロン|デッドマンズカーヴ|ジョニーエンジェル|燃ゆる瞳|燃える初恋(アワー,アンソロジー【Disc.1&Disc.2】,アンソロジー【Disc.1&Disc.2】,アンソロジー【Disc.1&Disc.2】,アンソロジー【Disc.1&Disc.2】,アンソロジー【Disc.1&Disc.2】,アンソロジー【Disc.1&Disc.2】
想い出にさよなら,アンソロジー【Disc.3&Disc.4】,青春の輝き 2〜ラヴ・ソングス,パッセージ,アンソロジー【Disc.3&Disc.4】,青春の輝き 2〜ラヴ・ソングス,パッセージ,アンソロジー【Disc.3&Disc.4】,青春の輝き 2〜ラヴ・ソングス,パッセージ,アンソロジー【Disc.3&Disc.4】,青春の輝き 2〜ラヴ・ソングス,パッセージ,アンソロジー【Disc.3&Disc.4】,青春の輝き 2〜ラヴ・ソングス,パッセージ,アンソロジー【Disc.3&Disc.4】,青春の輝き 2〜ラヴ・ソングス,パッセージ
ホノルル・シティ・ライツ,アンソロジー【Disc.3&Disc.4】,愛の軌跡〜ラヴラインズ,アンソロジー【Disc.3&Disc.4】,愛の軌跡〜ラヴラインズ,アンソロジー【Disc.3&Disc.4】,愛の軌跡〜ラヴラインズ,アンソロジー【Disc.3&Disc.4】,愛の軌跡〜ラヴラインズ,アンソロジー【Disc.3&Disc.4】,愛の軌跡〜ラヴラインズ,アンソロジー【Disc.3&Disc.4】,愛の軌跡〜ラヴラインズ
ヘルプ,アンソロジー【Disc.3&Disc.4】,遙かなる影,アンソロジー【Disc.3&Disc.4】,遙かなる影,アンソロジー【Disc.3&Disc.4】,遙かなる影,アンソロジー【Disc.3&Disc.4】,遙かなる影,アンソロジー【Disc.3&Disc.4】,遙かなる影,アンソロジー【Disc.3&Disc.4】,遙かなる影
恋のビーチウッド,アンソロジー【Disc.3&Disc.4】,メイド・イン・アメリカ,アンソロジー【Disc.3&Disc.4】,メイド・イン・アメリカ,アンソロジー【Disc.3&Disc.4】,メイド・イン・アメリカ,アンソロジー【Disc.3&Disc.4】,メイド・イン・アメリカ,アンソロジー【Disc.3&Disc.4】,メイド・イン・アメリカ,アンソロジー【Disc.3&Disc.4】,メイド・イン・アメリカ
グッバイアンドアイラヴユー,アンソロジー【Disc.3&Disc.4】,アンソロジー【Disc.3&Disc.4】,アンソロジー【Disc.3&Disc.4】,アンソロジー【Disc.3&Disc.4】,アンソロジー【Disc.3&Disc.4】,アンソロジー【Disc.3&Disc.4】
プリーズミスターポストマン,アンソロジー【Disc.3&Disc.4】,アンソロジー【Disc.3&Disc.4】,アンソロジー【Disc.3&Disc.4】,アンソロジー【Disc.3&Disc.4】,アンソロジー【Disc.3&Disc.4】,アンソロジー【Disc.3&Disc.4】
月影のバルコニー,アンソロジー【Disc.3&Disc.4】,アンソロジー【Disc.3&Disc.4】,アンソロジー【Disc.3&Disc.4】,アンソロジー【Disc.3&Disc.4】,アンソロジー【Disc.3&Disc.4】,アンソロジー【Disc.3&Disc.4】
泣かないでアージェンティーナ,アンソロジー【Disc.3&Disc.4】,アンソロジー【Disc.3&Disc.4】,アンソロジー【Disc.3&Disc.4】,アンソロジー【Disc.3&Disc.4】,アンソロジー【Disc.3&Disc.4】,アンソロジー【Disc.3&Disc.4】
愛しつづけて,アンソロジー【Disc.3&Disc.4】,遙かなる影,アンソロジー【Disc.3&Disc.4】,遙かなる影,アンソロジー【Disc.3&Disc.4】,遙かなる影,アンソロジー【Disc.3&Disc.4】,遙かなる影,アンソロジー【Disc.3&Disc.4】,遙かなる影,アンソロジー【Disc.3&Disc.4】,遙かなる影
二人の想い出,アンソロジー【Disc.3&Disc.4】,アンソロジー【Disc.3&Disc.4】,アンソロジー【Disc.3&Disc.4】,アンソロジー【Disc.3&Disc.4】,アンソロジー【Disc.3&Disc.4】,アンソロジー【Disc.3&Disc.4】
バカラック/デヴィッドメドレー;エニイデイナウ|ベイビーイッツユー|去りし時を知って|涙でさようなら|愛の想い出|恋よさようなら|ウォークオンバイ,アンソロジー【Disc.3&Disc.4】,アンソロジー【Disc.3&Disc.4】,アンソロジー【Disc.3&Disc.4】,アンソロジー【Disc.3&Disc.4】,アンソロジー【Disc.3&Disc.4】,アンソロジー【Disc.3&Disc.4】
あなたがすべて,青春の輝き 2〜ラヴ・ソングス,愛の軌跡〜ラヴラインズ,青春の輝き 2〜ラヴ・ソングス,愛の軌跡〜ラヴラインズ,青春の輝き 2〜ラヴ・ソングス,愛の軌跡〜ラヴラインズ,青春の輝き 2〜ラヴ・ソングス,愛の軌跡〜ラヴラインズ,青春の輝き 2〜ラヴ・ソングス,愛の軌跡〜ラヴラインズ,青春の輝き 2〜ラヴ・ソングス,愛の軌跡〜ラヴラインズ
遠い初恋,青春の輝き 2〜ラヴ・ソングス,青春の輝き 2〜ラヴ・ソングス,青春の輝き 2〜ラヴ・ソングス,青春の輝き 2〜ラヴ・ソングス,青春の輝き 2〜ラヴ・ソングス,青春の輝き 2〜ラヴ・ソングス
ホエン・アイ・フォール・イン・ラヴ,青春の輝き 2〜ラヴ・ソングス,愛の軌跡〜ラヴラインズ,青春の輝き 2〜ラヴ・ソングス,愛の軌跡〜ラヴラインズ,青春の輝き 2〜ラヴ・ソングス,愛の軌跡〜ラヴラインズ,青春の輝き 2〜ラヴ・ソングス,愛の軌跡〜ラヴラインズ,青春の輝き 2〜ラヴ・ソングス,愛の軌跡〜ラヴラインズ,青春の輝き 2〜ラヴ・ソングス,愛の軌跡〜ラヴラインズ
愛は永遠(とわ)に,バイ・リクエスト,バイ・リクエスト,バイ・リクエスト,バイ・リクエスト,バイ・リクエスト,バイ・リクエスト
一人にさせて,パッセージ,パッセージ,パッセージ,パッセージ,パッセージ,パッセージ
月影のバルコニー/泣かないでアージェンティーナ(ミュージカル「エヴィータ」より),パッセージ,パッセージ,パッセージ,パッセージ,パッセージ,パッセージ
あの日、あの時,パッセージ,パッセージ,パッセージ,パッセージ,パッセージ,パッセージ
恋の強がり,パッセージ,パッセージ,パッセージ,パッセージ,パッセージ,パッセージ
星空に愛を〜コーリング・オキュパンツ,パッセージ,パッセージ,パッセージ,パッセージ,パッセージ,パッセージ
クレセント・ヌーン,遙かなる影,遙かなる影,遙かなる影,遙かなる影,遙かなる影,遙かなる影
アナザー・ソング,遙かなる影,遙かなる影,遙かなる影,遙かなる影,遙かなる影,遙かなる影
希望の鐘,緑の地平線(ホライゾン),緑の地平線(ホライゾン),緑の地平線(ホライゾン),緑の地平線(ホライゾン),緑の地平線(ホライゾン),緑の地平線(ホライゾン),緑の地平線(ホライゾン),緑の地平線(ホライゾン),緑の地平線(ホライゾン),緑の地平線(ホライゾン),緑の地平線(ホライゾン),緑の地平線(ホライゾン)
愛は虹の色,緑の地平線(ホライゾン),緑の地平線(ホライゾン),緑の地平線(ホライゾン),緑の地平線(ホライゾン),緑の地平線(ホライゾン),緑の地平線(ホライゾン)
アイ・キャン・ドリーム,緑の地平線(ホライゾン),緑の地平線(ホライゾン),緑の地平線(ホライゾン),緑の地平線(ホライゾン),緑の地平線(ホライゾン),緑の地平線(ホライゾン),緑の地平線(ホライゾン),緑の地平線(ホライゾン),緑の地平線(ホライゾン),緑の地平線(ホライゾン),緑の地平線(ホライゾン),緑の地平線(ホライゾン)
グッバイ・アンド・アイ・ラヴ・ユー,緑の地平線(ホライゾン),緑の地平線(ホライゾン),緑の地平線(ホライゾン),緑の地平線(ホライゾン),緑の地平線(ホライゾン),緑の地平線(ホライゾン),緑の地平線(ホライゾン),緑の地平線(ホライゾン),緑の地平線(ホライゾン),緑の地平線(ホライゾン),緑の地平線(ホライゾン),緑の地平線(ホライゾン)
愛は木の葉のように,緑の地平線(ホライゾン),緑の地平線(ホライゾン),緑の地平線(ホライゾン),緑の地平線(ホライゾン),緑の地平線(ホライゾン),緑の地平線(ホライゾン),緑の地平線(ホライゾン),緑の地平線(ホライゾン),緑の地平線(ホライゾン),緑の地平線(ホライゾン),緑の地平線(ホライゾン),緑の地平線(ホライゾン)
悲しみの夕暮れ,緑の地平線(ホライゾン),緑の地平線(ホライゾン),緑の地平線(ホライゾン),緑の地平線(ホライゾン),緑の地平線(ホライゾン),緑の地平線(ホライゾン),緑の地平線(ホライゾン),緑の地平線(ホライゾン),緑の地平線(ホライゾン),緑の地平線(ホライゾン),緑の地平線(ホライゾン),緑の地平線(ホライゾン)
ストレンクス・オブ・ア・ウーマン,メイド・イン・アメリカ,メイド・イン・アメリカ,メイド・イン・アメリカ,メイド・イン・アメリカ,メイド・イン・アメリカ,メイド・イン・アメリカ
あなたを信じて,メイド・イン・アメリカ,メイド・イン・アメリカ,メイド・イン・アメリカ,メイド・イン・アメリカ,メイド・イン・アメリカ,メイド・イン・アメリカ
サタディ,スーパースター,スーパースター,スーパースター,スーパースター,スーパースター,スーパースター
去りし時を知って(メドレー)|涙でさよなら(メドレー)|愛の想い出(メドレー)|恋よさようなら(メドレー)|ウォーク・オン・バイ(メドレー)|サン・ホセへの道,スーパースター,スーパースター,スーパースター,スーパースター,スーパースター,スーパースター
天なる神には(賛美歌114番),クリスマス・ポートレイト,クリスマス・ポートレイト,クリスマス・ポートレイト,クリスマス・ポートレイト,クリスマス・ポートレイト,クリスマス・ポートレイト
序曲a.ハッピー・ホリディb.まきびと羊をc.おもちゃの行進d.リトル・ジーザスe.ママがサンタにキッスしたf.ああベツレヘムよg.もろびと声あげ,クリスマス・ポートレイト,クリスマス・ポートレイト,クリスマス・ポートレイト,クリスマス・ポートレイト,クリスマス・ポートレイト,クリスマス・ポートレイト
オールド・ファッション・クリスマス,クリスマス・ポートレイト,クリスマス・ポートレイト,クリスマス・ポートレイト,クリスマス・ポートレイト,クリスマス・ポートレイト,クリスマス・ポートレイト
クリスマス・ワルツ,クリスマス・ポートレイト,クリスマス・ポートレイト,クリスマス・ポートレイト,クリスマス・ポートレイト,クリスマス・ポートレイト,クリスマス・ポートレイト
たのしいそり遊び,クリスマス・ポートレイト,クリスマス・ポートレイト,クリスマス・ポートレイト,クリスマス・ポートレイト,クリスマス・ポートレイト,クリスマス・ポートレイト
クリスマス・タイム,クリスマス・ポートレイト,クリスマス・ポートレイト,クリスマス・ポートレイト,クリスマス・ポートレイト,クリスマス・ポートレイト,クリスマス・ポートレイト
メリー・リトル・クリスマス,クリスマス・ポートレイト,クリスマス・ポートレイト,クリスマス・ポートレイト,クリスマス・ポートレイト,クリスマス・ポートレイト,クリスマス・ポートレイト
サンタが街にやってくる,クリスマス・ポートレイト,クリスマス・ポートレイト,クリスマス・ポートレイト,クリスマス・ポートレイト,クリスマス・ポートレイト,クリスマス・ポートレイト
クリスマス・ソング,クリスマス・ポートレイト,クリスマス・ポートレイト,クリスマス・ポートレイト,クリスマス・ポートレイト,クリスマス・ポートレイト,クリスマス・ポートレイト
キャロル・オブ・ザ・ベルズ,クリスマス・ポートレイト,クリスマス・ポートレイト,クリスマス・ポートレイト,クリスマス・ポートレイト,クリスマス・ポートレイト,クリスマス・ポートレイト
メリー・クリスマス・ダーリン,クリスマス・ポートレイト,クリスマス・ポートレイト,クリスマス・ポートレイト,クリスマス・ポートレイト,クリスマス・ポートレイト,クリスマス・ポートレイト
主は生れ給いぬ,クリスマス・ポートレイト,クリスマス・ポートレイト,クリスマス・ポートレイト,クリスマス・ポートレイト,クリスマス・ポートレイト,クリスマス・ポートレイト
オー・ホリー・ナイト,クリスマス・ポートレイト,クリスマス・ポートレイト,クリスマス・ポートレイト,クリスマス・ポートレイト,クリスマス・ポートレイト,クリスマス・ポートレイト
ホーム・フォー・ザ・ホリデイズ,クリスマス・ポートレイト,クリスマス・ポートレイト,クリスマス・ポートレイト,クリスマス・ポートレイト,クリスマス・ポートレイト,クリスマス・ポートレイト
サンタ・クロースがやってくる(メドレー)|フロスティ・ザ・スノウマン(メドレー)|赤鼻のトナカイ(メドレー)|よき王ウェンセスラス(メドレー),クリスマス・ポートレイト,クリスマス・ポートレイト,クリスマス・ポートレイト,クリスマス・ポートレイト,クリスマス・ポートレイト,クリスマス・ポートレイト
ウィンター・ワンダーランド/シルバー・ベルズ/ホワイト・クリスマス,クリスマス・ポートレイト,クリスマス・ポートレイト,クリスマス・ポートレイト,クリスマス・ポートレイト,クリスマス・ポートレイト,クリスマス・ポートレイト
アベ・マリア,クリスマス・ポートレイト,クリスマス・ポートレイト,クリスマス・ポートレイト,クリスマス・ポートレイト,クリスマス・ポートレイト,クリスマス・ポートレイト
組曲「くるみ割り人形」よりa.小さい序曲b.金米糖の踊りc.花のワルツ,クリスマス・ポートレイト,クリスマス・ポートレイト,クリスマス・ポートレイト,クリスマス・ポートレイト,クリスマス・ポートレイト,クリスマス・ポートレイト
リトル・オルター・ボーイ,クリスマス・ポートレイト,クリスマス・ポートレイト,クリスマス・ポートレイト,クリスマス・ポートレイト,クリスマス・ポートレイト,クリスマス・ポートレイト
クリスマスはわが家で,クリスマス・ポートレイト,クリスマス・ポートレイト,クリスマス・ポートレイト,クリスマス・ポートレイト,クリスマス・ポートレイト,クリスマス・ポートレイト
きよしこの夜,クリスマス・ポートレイト,クリスマス・ポートレイト,クリスマス・ポートレイト,クリスマス・ポートレイト,クリスマス・ポートレイト,クリスマス・ポートレイト
愛の虹の色(デスペラード),緑の地平線(ホライゾン),緑の地平線(ホライゾン),緑の地平線(ホライゾン),緑の地平線(ホライゾン),緑の地平線(ホライゾン),緑の地平線(ホライゾン)
サンディー,見つめあう恋,見つめあう恋,見つめあう恋,見つめあう恋,見つめあう恋,見つめあう恋
グーファス,見つめあう恋,見つめあう恋,見つめあう恋,見つめあう恋,見つめあう恋,見つめあう恋
夢の小舟,見つめあう恋,見つめあう恋,見つめあう恋,見つめあう恋,見つめあう恋,見つめあう恋
愛のキャンドル・ライト,見つめあう恋,見つめあう恋,見つめあう恋,見つめあう恋,見つめあう恋,見つめあう恋
悲しき慕情,見つめあう恋,見つめあう恋,見つめあう恋,見つめあう恋,見つめあう恋,見つめあう恋
ヘザー,ナウ・アンド・ゼン,ナウ・アンド・ゼン,ナウ・アンド・ゼン,ナウ・アンド・ゼン,ナウ・アンド・ゼン,ナウ・アンド・ゼン
イエスタデイ・ワンス・モア〜A)ファン・ファン・ファン,ナウ・アンド・ゼン,ナウ・アンド・ゼン,ナウ・アンド・ゼン,ナウ・アンド・ゼン,ナウ・アンド・ゼン,ナウ・アンド・ゼン
イエスタデイ・ワンス・モア〜B)この世の果てまで,ナウ・アンド・ゼン,ナウ・アンド・ゼン,ナウ・アンド・ゼン,ナウ・アンド・ゼン,ナウ・アンド・ゼン,ナウ・アンド・ゼン
イエスタデイ・ワンス・モア〜C)ハイ・ロン・ロン,ナウ・アンド・ゼン,ナウ・アンド・ゼン,ナウ・アンド・ゼン,ナウ・アンド・ゼン,ナウ・アンド・ゼン,ナウ・アンド・ゼン
イエスタデイ・ワンス・モア〜D)デッドマンズ・カーブ,ナウ・アンド・ゼン,ナウ・アンド・ゼン,ナウ・アンド・ゼン,ナウ・アンド・ゼン,ナウ・アンド・ゼン,ナウ・アンド・ゼン
イエスタデイ・ワンス・モア〜E)ジョニー・エンジェル,ナウ・アンド・ゼン,ナウ・アンド・ゼン,ナウ・アンド・ゼン,ナウ・アンド・ゼン,ナウ・アンド・ゼン,ナウ・アンド・ゼン
イエスタデイ・ワンス・モア〜F)燃ゆる瞳,ナウ・アンド・ゼン,ナウ・アンド・ゼン,ナウ・アンド・ゼン,ナウ・アンド・ゼン,ナウ・アンド・ゼン,ナウ・アンド・ゼン
イエスタデイ・ワンス・モア〜G)アワ・デイ・ウィル・カム,ナウ・アンド・ゼン,ナウ・アンド・ゼン,ナウ・アンド・ゼン,ナウ・アンド・ゼン,ナウ・アンド・ゼン,ナウ・アンド・ゼン
イエスタデイ・ワンス・モア〜H)ワン・ファイン・デイ,ナウ・アンド・ゼン,ナウ・アンド・ゼン,ナウ・アンド・ゼン,ナウ・アンド・ゼン,ナウ・アンド・ゼン,ナウ・アンド・ゼン
恋はシャンソン,恋はシャンソン〜クロード・フランソワ・ベスト,恋はシャンソン〜クロード・フランソワ・ベスト,恋はシャンソン〜クロード・フランソワ・ベスト,恋はシャンソン〜クロード・フランソワ・ベスト,恋はシャンソン〜クロード・フランソワ・ベスト,恋はシャンソン〜クロード・フランソワ・ベスト
涙のテレフォン・コール,恋はシャンソン〜クロード・フランソワ・ベスト,恋はシャンソン〜クロード・フランソワ・ベスト,恋はシャンソン〜クロード・フランソワ・ベスト,恋はシャンソン〜クロード・フランソワ・ベスト,恋はシャンソン〜クロード・フランソワ・ベスト,恋はシャンソン〜クロード・フランソワ・ベスト
陽のあたる月曜日,恋はシャンソン〜クロード・フランソワ・ベスト,恋はシャンソン〜クロード・フランソワ・ベスト,恋はシャンソン〜クロード・フランソワ・ベスト,恋はシャンソン〜クロード・フランソワ・ベスト,恋はシャンソン〜クロード・フランソワ・ベスト,恋はシャンソン〜クロード・フランソワ・ベスト
花束と女の子,恋はシャンソン〜クロード・フランソワ・ベスト,恋はシャンソン〜クロード・フランソワ・ベスト,恋はシャンソン〜クロード・フランソワ・ベスト,恋はシャンソン〜クロード・フランソワ・ベスト,恋はシャンソン〜クロード・フランソワ・ベスト,恋はシャンソン〜クロード・フランソワ・ベスト
君が恋におちた時,恋はシャンソン〜クロード・フランソワ・ベスト,恋はシャンソン〜クロード・フランソワ・ベスト,恋はシャンソン〜クロード・フランソワ・ベスト,恋はシャンソン〜クロード・フランソワ・ベスト,恋はシャンソン〜クロード・フランソワ・ベスト,恋はシャンソン〜クロード・フランソワ・ベスト
ニナ・ナナ,恋はシャンソン〜クロード・フランソワ・ベスト,恋はシャンソン〜クロード・フランソワ・ベスト,恋はシャンソン〜クロード・フランソワ・ベスト,恋はシャンソン〜クロード・フランソワ・ベスト,恋はシャンソン〜クロード・フランソワ・ベスト,恋はシャンソン〜クロード・フランソワ・ベスト
今夜は君の家でディナーを,恋はシャンソン〜クロード・フランソワ・ベスト,恋はシャンソン〜クロード・フランソワ・ベスト,恋はシャンソン〜クロード・フランソワ・ベスト,恋はシャンソン〜クロード・フランソワ・ベスト,恋はシャンソン〜クロード・フランソワ・ベスト,恋はシャンソン〜クロード・フランソワ・ベスト
ベリンダ,恋はシャンソン〜クロード・フランソワ・ベスト,恋はシャンソン〜クロード・フランソワ・ベスト,恋はシャンソン〜クロード・フランソワ・ベスト,恋はシャンソン〜クロード・フランソワ・ベスト,恋はシャンソン〜クロード・フランソワ・ベスト,恋はシャンソン〜クロード・フランソワ・ベスト
誤解と偏見,恋はシャンソン〜クロード・フランソワ・ベスト,恋はシャンソン〜クロード・フランソワ・ベスト,恋はシャンソン〜クロード・フランソワ・ベスト,恋はシャンソン〜クロード・フランソワ・ベスト,恋はシャンソン〜クロード・フランソワ・ベスト,恋はシャンソン〜クロード・フランソワ・ベスト
泣く人、笑う人,恋はシャンソン〜クロード・フランソワ・ベスト,恋はシャンソン〜クロード・フランソワ・ベスト,恋はシャンソン〜クロード・フランソワ・ベスト,恋はシャンソン〜クロード・フランソワ・ベスト,恋はシャンソン〜クロード・フランソワ・ベスト,恋はシャンソン〜クロード・フランソワ・ベスト
シャ・ラ・ラ,恋はシャンソン〜クロード・フランソワ・ベスト,恋はシャンソン〜クロード・フランソワ・ベスト,恋はシャンソン〜クロード・フランソワ・ベスト,恋はシャンソン〜クロード・フランソワ・ベスト,恋はシャンソン〜クロード・フランソワ・ベスト,恋はシャンソン〜クロード・フランソワ・ベスト
ワイルド・ガール,恋はシャンソン〜クロード・フランソワ・ベスト,恋はシャンソン〜クロード・フランソワ・ベスト,恋はシャンソン〜クロード・フランソワ・ベスト,恋はシャンソン〜クロード・フランソワ・ベスト,恋はシャンソン〜クロード・フランソワ・ベスト,恋はシャンソン〜クロード・フランソワ・ベスト
君の笑顔,恋はシャンソン〜クロード・フランソワ・ベスト,恋はシャンソン〜クロード・フランソワ・ベスト,恋はシャンソン〜クロード・フランソワ・ベスト,恋はシャンソン〜クロード・フランソワ・ベスト,恋はシャンソン〜クロード・フランソワ・ベスト,恋はシャンソン〜クロード・フランソワ・ベスト
君は僕のすべて,恋はシャンソン〜クロード・フランソワ・ベスト,恋はシャンソン〜クロード・フランソワ・ベスト,恋はシャンソン〜クロード・フランソワ・ベスト,恋はシャンソン〜クロード・フランソワ・ベスト,恋はシャンソン〜クロード・フランソワ・ベスト,恋はシャンソン〜クロード・フランソワ・ベスト
ラスト・ソング,恋はシャンソン〜クロード・フランソワ・ベスト,恋はシャンソン〜クロード・フランソワ・ベスト,恋はシャンソン〜クロード・フランソワ・ベスト,恋はシャンソン〜クロード・フランソワ・ベスト,恋はシャンソン〜クロード・フランソワ・ベスト,恋はシャンソン〜クロード・フランソワ・ベスト
祈り,涙の乗車券,涙の乗車券,涙の乗車券,涙の乗車券,涙の乗車券,涙の乗車券
ワンダフル・パレード,涙の乗車券,涙の乗車券,涙の乗車券,涙の乗車券,涙の乗車券,涙の乗車券
いつの日か愛に,涙の乗車券,涙の乗車券,涙の乗車券,涙の乗車券,涙の乗車券,涙の乗車券
ゲット・トゥゲザー,涙の乗車券,涙の乗車券,涙の乗車券,涙の乗車券,涙の乗車券,涙の乗車券
私のすべてをあなたに,涙の乗車券,涙の乗車券,涙の乗車券,涙の乗車券,涙の乗車券,涙の乗車券
ターン・アウェイ,涙の乗車券,涙の乗車券,涙の乗車券,涙の乗車券,涙の乗車券,涙の乗車券
恐れないで,涙の乗車券,涙の乗車券,涙の乗車券,涙の乗車券,涙の乗車券,涙の乗車券
何になるの,涙の乗車券,涙の乗車券,涙の乗車券,涙の乗車券,涙の乗車券,涙の乗車券
オール・アイ・キャン・ドゥ,涙の乗車券,涙の乗車券,涙の乗車券,涙の乗車券,涙の乗車券,涙の乗車券
眠れない夜,涙の乗車券,涙の乗車券,涙の乗車券,涙の乗車券,涙の乗車券,涙の乗車券
歌うのをやめた私,涙の乗車券,涙の乗車券,涙の乗車券,涙の乗車券,涙の乗車券,涙の乗車券
神の祝福を,涙の乗車券,涙の乗車券,涙の乗車券,涙の乗車券,涙の乗車券,涙の乗車券
ラヴラインズ,愛の軌跡〜ラヴラインズ,愛の軌跡〜ラヴラインズ,愛の軌跡〜ラヴラインズ,愛の軌跡〜ラヴラインズ,愛の軌跡〜ラヴラインズ,愛の軌跡〜ラヴラインズ
アンインヴァイテッド・ゲスト,愛の軌跡〜ラヴラインズ,愛の軌跡〜ラヴラインズ,愛の軌跡〜ラヴラインズ,愛の軌跡〜ラヴラインズ,愛の軌跡〜ラヴラインズ,愛の軌跡〜ラヴラインズ
イフ・ウィ・トライ,愛の軌跡〜ラヴラインズ,愛の軌跡〜ラヴラインズ,愛の軌跡〜ラヴラインズ,愛の軌跡〜ラヴラインズ,愛の軌跡〜ラヴラインズ,愛の軌跡〜ラヴラインズ
キス・ミー・ザ・ウェイ,愛の軌跡〜ラヴラインズ,愛の軌跡〜ラヴラインズ,愛の軌跡〜ラヴラインズ,愛の軌跡〜ラヴラインズ,愛の軌跡〜ラヴラインズ,愛の軌跡〜ラヴラインズ
愛の想い出,愛の軌跡〜ラヴラインズ,愛の軌跡〜ラヴラインズ,愛の軌跡〜ラヴラインズ,愛の軌跡〜ラヴラインズ,愛の軌跡〜ラヴラインズ,愛の軌跡〜ラヴラインズ
スロー・ダンス,愛の軌跡〜ラヴラインズ,愛の軌跡〜ラヴラインズ,愛の軌跡〜ラヴラインズ,愛の軌跡〜ラヴラインズ,愛の軌跡〜ラヴラインズ,愛の軌跡〜ラヴラインズ
イフ・アイ・ハド・ユー,愛の軌跡〜ラヴラインズ,愛の軌跡〜ラヴラインズ,愛の軌跡〜ラヴラインズ,愛の軌跡〜ラヴラインズ,愛の軌跡〜ラヴラインズ,愛の軌跡〜ラヴラインズ
リトル・ガール・ブルー,愛の軌跡〜ラヴラインズ,愛の軌跡〜ラヴラインズ,愛の軌跡〜ラヴラインズ,愛の軌跡〜ラヴラインズ,愛の軌跡〜ラヴラインズ,愛の軌跡〜ラヴラインズ
